{"stats":{"minecraft:dropped":{"minecraft:wheat_seeds":1,"minecraft:oak_log":78,"minecraft:feather":2,"minecraft:cobblestone":6,"minecraft:granite":1,"simplyswords:diamond_claymore":1,"minecraft:dirt":1,"minecraft:diorite":2,"minecraft:torch":2,"minecraft:yellow_dye":1,"tombstone:grave_key":1,"minecraft:rose_bush":2,"minecraft:map":3,"minecraft:snowball":4,"tombstone:grave_dust":3,"delightful:acorn":7,"minecraft:amethyst_shard":3,"minecraft:white_banner":1,"minecraft:iron_pickaxe":3,"minecraft:white_wool":8,"croptopia:glowing_calamari":1,"minecraft:bone":17,"minecraft:gravel":2,"minecraft:sugar_cane":10,"minecraft:cobbled_deepslate":10,"minecraft:rotten_flesh":16,"minecraft:oak_planks":10,"croptopia:cinnamon_log":7,"minecraft:leather_chestplate":1,"croptopia:avocado":1,"mysticalagriculture:inferium_essence":19,"minecraft:acacia_sapling":1,"minecraft:oak_sapling":9,"minecraft:leather_leggings":1,"minecraft:brown_bed":1,"minecraft:bamboo":13,"minecraft:wooden_pickaxe":4},"minecraft:crafted":{"minecraft:oak_door":9,"minecraft:oak_planks":1044,"minecraft:cooked_chicken":1,"minecraft:furnace":5,"minecraft:stone":202,"minecraft:cooked_mutton":5,"minecraft:glass":205,"minecraft:iron_boots":1,"minecraft:iron_axe":2,"minecraft:chest":4,"minecraft:stone_bricks":1,"minecraft:oak_fence":24,"minecraft:cooked_rabbit":1,"minecraft:cooked_beef":5,"minecraft:cooked_porkchop":5,"minecraft:crafting_table":5,"minecraft:wooden_pickaxe":1,"minecraft:air":0,"minecraft:oak_boat":2,"minecraft:shield":1,"minecraft:stick":60,"minecraft:iron_ingot":5,"minecraft:iron_pickaxe":2,"minecraft:oak_stairs":20,"minecraft:stonecutter":1,"minecraft:torch":48},"minecraft:broken":{"minecraft:iron_shovel":1,"minecraft:iron_axe":1,"minecraft:iron_pickaxe":2},"minecraft:mined":{"mysticalagriculture:prosperity_ore":2,"croptopia:orange_crop":1,"minecraft:deepslate_diamond_ore":1,"minecraft:oak_door":2,"minecraft:potted_blue_orchid":1,"minecraft:granite":1,"minecraft:grass_block":87,"mysticalagriculture:inferium_ore":5,"minecraft:furnace":2,"minecraft:iron_ore":14,"evilcraft:dark_ore":1,"minecraft:deepslate_lapis_ore":7,"minecraft:brown_bed":10,"minecraft:bookshelf":20,"minecraft:deepslate_iron_ore":30,"minecraft:bamboo":1,"minecraft:stone":477,"minecraft:bone_block":55,"minecraft:player_head":1,"minecraft:deepslate_redstone_ore":29,"minecraft:crafting_table":1,"minecraft:oak_fence":14,"minecraft:torch":11,"croptopia:cinnamon_log":7,"minecraft:cobblestone":2,"minecraft:copper_ore":2,"minecraft:lapis_ore":2,"minecraft:deepslate_gold_ore":18,"minecraft:sugar_cane":3,"minecraft:oak_planks":53,"minecraft:damaged_anvil":1,"minecraft:diorite":1,"minecraft:wall_torch":9,"minecraft:skeleton_skull":1,"ecologics:seashell":1,"evilcraft:dark_ore_deepslate":4,"croptopia:avocado_crop":1,"minecraft:grass":45,"minecraft:oak_log":15,"minecraft:coal_ore":70,"minecraft:acacia_fence":1,"minecraft:zombie_head":1,"minecraft:sand":258,"minecraft:dirt":14,"minecraft:stonecutter":1,"minecraft:stone_bricks":8,"minecraft:oak_leaves":13,"minecraft:deepslate":8,"minecraft:redstone_lamp":1},"minecraft:picked_up":{"minecraft:crafting_table":1,"minecraft:chicken":1,"croptopia:grape_seed":2,"croptopia:peach":1,"croptopia:cinnamon_log":7,"minecraft:wooden_pickaxe":3,"minecraft:brown_bed":10,"minecraft:enchanted_book":1,"minecraft:experience_bottle":1,"minecraft:zombie_head":1,"mysticalagriculture:inferium_essence":36,"minecraft:cobbled_deepslate":10,"delightful:acorn":7,"croptopia:avocado":1,"minecraft:beef":1,"minecraft:oak_boat":2,"minecraft:player_head":1,"minecraft:iron_pickaxe":3,"minecraft:sugar_cane":10,"minecraft:furnace":2,"minecraft:stick":2,"minecraft:raw_iron":44,"minecraft:oak_door":2,"minecraft:acacia_fence":1,"minecraft:oak_fence":14,"minecraft:torch":26,"mysticalagriculture:prosperity_shard":3,"minecraft:porkchop":18,"tombstone:grave_dust":2,"minecraft:diorite":2,"minecraft:carrot":1,"minecraft:redstone":121,"croptopia:grape":1,"minecraft:arrow":26,"minecraft:rotten_flesh":16,"minecraft:saddle":1,"minecraft:gold_ingot":2,"minecraft:skeleton_skull":1,"minecraft:bone_block":50,"minecraft:cobblestone":472,"minecraft:feather":2,"minecraft:leather":3,"minecraft:yellow_dye":1,"croptopia:glowing_calamari":1,"minecraft:oak_log":459,"minecraft:gunpowder":4,"minecraft:lapis_lazuli":55,"minecraft:dirt":103,"minecraft:white_banner":4,"minecraft:cooked_mutton":1,"minecraft:bone":27,"minecraft:apple":36,"minecraft:stone_bricks":8,"minecraft:stonecutter":1,"minecraft:wheat_seeds":5,"minecraft:raw_gold":18,"minecraft:iron_ingot":3,"minecraft:rabbit":1,"minecraft:bamboo":13,"minecraft:acacia_sapling":1,"minecraft:oak_planks":138,"minecraft:book":60,"minecraft:cooked_porkchop":2,"minecraft:gravel":2,"minecraft:sand":253,"minecraft:bundle":1,"simplyswords:diamond_claymore":1,"minecraft:diamond":1,"waystones:waystone":1,"evilcraft:dark_gem":24,"croptopia:orange":9,"minecraft:granite":1,"minecraft:emerald":2,"tombstone:magic_scroll":1,"minecraft:oak_sapling":16,"minecraft:damaged_anvil":1,"minecraft:coal":70},"minecraft:custom":{"minecraft:mob_kills":77,"minecraft:interact_with_crafting_table":28,"minecraft:open_barrel":3,"minecraft:damage_dealt_resisted":7,"minecraft:leave_game":3,"minecraft:time_since_death":8983,"minecraft:climb_one_cm":11350,"minecraft:sprint_one_cm":787920,"minecraft:walk_one_cm":838612,"minecraft:damage_blocked_by_shield":340,"minecraft:drop":61,"minecraft:talked_to_villager":19,"minecraft:raid_win":1,"minecraft:play_time":317597,"minecraft:deaths":2,"minecraft:sneak_time":10739,"minecraft:walk_under_water_one_cm":8343,"minecraft:jump":4134,"minecraft:walk_on_water_one_cm":32374,"minecraft:total_world_time":317597,"minecraft:interact_with_furnace":95,"tombstone:raider_killed":8,"minecraft:raid_trigger":1,"minecraft:interact_with_stonecutter":5,"minecraft:sleep_in_bed":12,"minecraft:time_since_rest":8186,"minecraft:waystone_activated":1,"minecraft:damage_taken":4175,"minecraft:damage_dealt":12255,"minecraft:swim_one_cm":65213,"minecraft:fly_one_cm":682052,"minecraft:open_chest":65,"minecraft:crouch_one_cm":31803,"tombstone:undead_killed":47,"minecraft:interact_with_smoker":8,"minecraft:fall_one_cm":117418},"minecraft:used":{"minecraft:oak_fence":37,"minecraft:iron_shovel":256,"minecraft:chest":4,"minecraft:shield":8,"minecraft:cooked_chicken":1,"minecraft:oak_door":8,"minecraft:torch":65,"minecraft:dirt":50,"minecraft:glass":120,"minecraft:iron_axe":184,"minecraft:oak_stairs":16,"minecraft:stone_bricks":207,"minecraft:bow":40,"minecraft:furnace":5,"tombstone:gift":5,"minecraft:brown_bed":8,"minecraft:cooked_mutton":2,"minecraft:water_bucket":3,"minecraft:oak_planks":860,"minecraft:wooden_pickaxe":1,"minecraft:stonecutter":2,"minecraft:crafting_table":6,"simplyswords:diamond_claymore":159,"croptopia:orange":9,"minecraft:apple":44,"minecraft:bread":53,"minecraft:iron_pickaxe":753,"minecraft:wooden_sword":2,"minecraft:cobblestone":3,"minecraft:cooked_porkchop":7,"minecraft:cooked_rabbit":1,"minecraft:bucket":4,"minecraft:oak_boat":4},"minecraft:killed":{"minecraft:spider":4,"naturalist:snail":2,"minecraft:skeleton":21,"naturalist:cardinal":1,"minecraft:pig":7,"minecraft:zombie_villager":2,"minecraft:ravager":1,"minecraft:creeper":5,"minecraft:pillager":7,"minecraft:zombie":24,"minecraft:cow":1},"minecraft:killed_by":{"minecraft:player":1,"mowziesmobs:umvuthana_raptor":1}},"DataVersion":3465}