{"stats":{"minecraft:mined":{"minecraft:brown_bed":3},"minecraft:picked_up":{"minecraft:brown_bed":3},"minecraft:used":{"minecraft:shield":2,"minecraft:wooden_sword":2},"minecraft:custom":{"minecraft:jump":141,"minecraft:open_chest":2,"minecraft:time_since_rest":650,"minecraft:walk_on_water_one_cm":1875,"minecraft:damage_dealt":63,"minecraft:deaths":1,"minecraft:sprint_one_cm":22701,"minecraft:play_time":3916,"minecraft:damage_taken":225,"minecraft:time_since_death":1637,"minecraft:walk_one_cm":7347,"minecraft:sneak_time":5,"minecraft:damage_blocked_by_shield":80,"minecraft:total_world_time":3916,"minecraft:fall_one_cm":4358,"minecraft:fly_one_cm":31883,"minecraft:damage_dealt_resisted":7},"minecraft:killed_by":{"mowziesmobs:umvuthana_raptor":1}},"DataVersion":3465}