{"stats":{"minecraft:broken":{"minecraft:iron_axe":1},"minecraft:killed":{"minecraft:pig":1,"minecraft:skeleton":2,"minecraft:zombie":6},"minecraft:mined":{"croptopia:orange_crop":1,"minecraft:oak_door":2,"minecraft:potted_blue_orchid":1,"minecraft:grass_block":2,"croptopia:cinnamon_log":7,"minecraft:damaged_anvil":1,"minecraft:sugar_cane":3,"minecraft:oak_planks":14,"minecraft:furnace":2,"minecraft:iron_ore":5,"minecraft:brown_bed":5,"minecraft:grass":1,"minecraft:oak_log":15,"minecraft:bookshelf":20,"minecraft:coal_ore":54,"minecraft:dirt":1,"minecraft:bamboo":1,"minecraft:stone":10,"minecraft:bone_block":55,"minecraft:oak_leaves":9,"minecraft:redstone_lamp":1},"minecraft:killed_by":{"mowziesmobs:umvuthana_raptor":1},"minecraft:picked_up":{"croptopia:cinnamon_log":7,"minecraft:yellow_dye":1,"minecraft:wooden_pickaxe":3,"minecraft:brown_bed":5,"minecraft:oak_log":309,"minecraft:apple":23,"delightful:acorn":5,"minecraft:iron_pickaxe":2,"minecraft:bamboo":13,"minecraft:sugar_cane":5,"minecraft:oak_planks":62,"minecraft:furnace":2,"minecraft:book":60,"minecraft:stick":2,"minecraft:raw_iron":5,"minecraft:oak_door":2,"minecraft:porkchop":3,"minecraft:rotten_flesh":6,"croptopia:orange":9,"minecraft:oak_sapling":15,"minecraft:damaged_anvil":1,"minecraft:cobblestone":8,"minecraft:coal":54,"minecraft:bone_block":50},"minecraft:crafted":{"minecraft:oak_door":6,"minecraft:oak_planks":468,"minecraft:cooked_porkchop":3,"minecraft:crafting_table":2,"minecraft:wooden_pickaxe":1,"minecraft:cooked_mutton":2,"minecraft:air":0,"minecraft:iron_boots":1,"minecraft:iron_axe":1,"minecraft:iron_ingot":5,"minecraft:oak_stairs":4,"minecraft:chest":2,"minecraft:torch":4},"minecraft:used":{"minecraft:iron_shovel":2,"minecraft:oak_planks":363,"minecraft:chest":2,"minecraft:shield":2,"minecraft:wooden_pickaxe":1,"minecraft:oak_door":6,"minecraft:crafting_table":2,"simplyswords:diamond_claymore":30,"croptopia:orange":9,"minecraft:oak_stairs":4,"minecraft:iron_axe":82,"minecraft:bread":22,"minecraft:iron_pickaxe":129,"minecraft:wooden_sword":2,"minecraft:cobblestone":1,"minecraft:furnace":2,"minecraft:cooked_porkchop":1,"tombstone:gift":2,"minecraft:brown_bed":3},"minecraft:dropped":{"minecraft:oak_log":72,"croptopia:cinnamon_log":7,"minecraft:yellow_dye":1,"tombstone:grave_key":1,"minecraft:rose_bush":2,"minecraft:snowball":4,"minecraft:oak_sapling":8,"minecraft:map":3,"tombstone:grave_dust":1,"minecraft:leather_leggings":1,"minecraft:brown_bed":1,"minecraft:wooden_pickaxe":3,"minecraft:iron_pickaxe":2},"minecraft:custom":{"minecraft:interact_with_furnace":11,"minecraft:mob_kills":9,"minecraft:interact_with_crafting_table":10,"minecraft:damage_dealt_resisted":7,"minecraft:leave_game":1,"minecraft:time_since_death":75299,"minecraft:sleep_in_bed":1,"minecraft:climb_one_cm":9952,"minecraft:time_since_rest":50764,"minecraft:sprint_one_cm":172792,"minecraft:damage_taken":1209,"minecraft:walk_one_cm":194092,"minecraft:damage_blocked_by_shield":80,"minecraft:drop":20,"minecraft:damage_dealt":2097,"minecraft:swim_one_cm":12028,"minecraft:talked_to_villager":2,"minecraft:fly_one_cm":158242,"minecraft:open_chest":18,"minecraft:crouch_one_cm":5431,"minecraft:play_time":77578,"tombstone:undead_killed":8,"minecraft:deaths":1,"minecraft:sneak_time":1388,"minecraft:walk_under_water_one_cm":3620,"minecraft:jump":1053,"minecraft:walk_on_water_one_cm":10816,"minecraft:total_world_time":77578,"minecraft:fall_one_cm":31750}},"DataVersion":3465}