{"stats":{"minecraft:dropped":{"minecraft:yellow_dye":1,"minecraft:rose_bush":2,"minecraft:oak_sapling":1,"minecraft:snowball":4,"minecraft:map":3,"tombstone:grave_dust":1,"minecraft:leather_leggings":1,"minecraft:brown_bed":1,"minecraft:wooden_pickaxe":1,"minecraft:iron_pickaxe":2},"minecraft:crafted":{"minecraft:oak_planks":92,"minecraft:iron_axe":1,"minecraft:crafting_table":1,"minecraft:wooden_pickaxe":1},"minecraft:mined":{"croptopia:orange_crop":1,"minecraft:furnace":2,"minecraft:potted_blue_orchid":1,"minecraft:brown_bed":5,"croptopia:cinnamon_log":4,"minecraft:grass_block":2,"minecraft:bookshelf":20,"minecraft:oak_log":10,"minecraft:dirt":1,"minecraft:bamboo":1,"minecraft:damaged_anvil":1,"minecraft:sugar_cane":3,"minecraft:bone_block":55,"minecraft:oak_leaves":9,"minecraft:redstone_lamp":1},"minecraft:picked_up":{"minecraft:book":60,"croptopia:cinnamon_log":4,"minecraft:yellow_dye":1,"minecraft:wooden_pickaxe":1,"minecraft:brown_bed":4,"minecraft:oak_log":23,"minecraft:rotten_flesh":6,"minecraft:apple":23,"delightful:acorn":3,"croptopia:orange":9,"minecraft:iron_pickaxe":2,"minecraft:bamboo":13,"minecraft:oak_sapling":1,"minecraft:damaged_anvil":1,"minecraft:sugar_cane":5,"minecraft:bone_block":50,"minecraft:furnace":2},"minecraft:used":{"minecraft:iron_shovel":2,"minecraft:iron_axe":47,"minecraft:bread":18,"minecraft:oak_planks":60,"minecraft:iron_pickaxe":60,"minecraft:shield":2,"minecraft:wooden_pickaxe":1,"minecraft:wooden_sword":2,"minecraft:crafting_table":1,"simplyswords:diamond_claymore":28,"tombstone:gift":2,"croptopia:orange":3,"minecraft:brown_bed":1},"minecraft:custom":{"minecraft:time_since_rest":13102,"minecraft:interact_with_furnace":3,"minecraft:sprint_one_cm":98287,"minecraft:damage_taken":1077,"minecraft:walk_one_cm":93947,"minecraft:damage_blocked_by_shield":80,"minecraft:mob_kills":8,"minecraft:drop":11,"minecraft:damage_dealt":1996,"minecraft:talked_to_villager":2,"minecraft:interact_with_crafting_table":3,"minecraft:swim_one_cm":4214,"minecraft:fly_one_cm":87997,"minecraft:open_chest":14,"minecraft:crouch_one_cm":906,"minecraft:play_time":39916,"tombstone:undead_killed":8,"minecraft:deaths":1,"minecraft:sneak_time":285,"minecraft:walk_under_water_one_cm":1434,"minecraft:jump":670,"minecraft:damage_dealt_resisted":7,"minecraft:sleep_in_bed":1,"minecraft:walk_on_water_one_cm":9481,"minecraft:time_since_death":37637,"minecraft:total_world_time":39916,"minecraft:climb_one_cm":8274,"minecraft:fall_one_cm":19107},"minecraft:killed_by":{"mowziesmobs:umvuthana_raptor":1},"minecraft:killed":{"minecraft:skeleton":2,"minecraft:zombie":6}},"DataVersion":3465}