{"stats":{"minecraft:dropped":{"minecraft:wooden_pickaxe":1,"minecraft:iron_pickaxe":2},"minecraft:crafted":{"minecraft:oak_planks":16,"minecraft:crafting_table":1,"minecraft:wooden_pickaxe":1},"minecraft:mined":{"minecraft:brown_bed":3,"minecraft:oak_log":4,"minecraft:dirt":1,"minecraft:sugar_cane":3,"minecraft:bone_block":55,"minecraft:redstone_lamp":1},"minecraft:picked_up":{"minecraft:yellow_dye":1,"minecraft:brown_bed":3,"minecraft:oak_log":4,"minecraft:iron_pickaxe":2,"minecraft:sugar_cane":5,"minecraft:bone_block":49},"minecraft:used":{"minecraft:bread":6,"minecraft:iron_pickaxe":56,"minecraft:shield":2,"minecraft:wooden_pickaxe":1,"minecraft:wooden_sword":2,"minecraft:crafting_table":1,"simplyswords:diamond_claymore":6,"tombstone:gift":2},"minecraft:custom":{"minecraft:time_since_rest":12650,"minecraft:interact_with_furnace":3,"minecraft:sprint_one_cm":57714,"minecraft:damage_taken":501,"minecraft:walk_one_cm":44238,"minecraft:damage_blocked_by_shield":80,"minecraft:drop":3,"minecraft:damage_dealt":357,"minecraft:talked_to_villager":2,"minecraft:interact_with_crafting_table":2,"minecraft:swim_one_cm":1317,"minecraft:fly_one_cm":51425,"minecraft:open_chest":8,"minecraft:crouch_one_cm":267,"minecraft:play_time":15916,"minecraft:deaths":1,"minecraft:sneak_time":64,"minecraft:walk_under_water_one_cm":594,"minecraft:jump":251,"minecraft:damage_dealt_resisted":7,"minecraft:walk_on_water_one_cm":6665,"minecraft:time_since_death":13637,"minecraft:total_world_time":15916,"minecraft:climb_one_cm":2145,"minecraft:fall_one_cm":6214},"minecraft:killed_by":{"mowziesmobs:umvuthana_raptor":1}},"DataVersion":3465}