{"stats":{"minecraft:broken":{"minecraft:iron_axe":1},"minecraft:killed":{"minecraft:pig":1,"minecraft:skeleton":2,"minecraft:zombie":6},"minecraft:mined":{"croptopia:orange_crop":1,"minecraft:potted_blue_orchid":1,"minecraft:grass_block":2,"croptopia:cinnamon_log":7,"minecraft:damaged_anvil":1,"minecraft:sugar_cane":3,"minecraft:oak_planks":4,"minecraft:furnace":2,"minecraft:iron_ore":4,"minecraft:brown_bed":5,"minecraft:grass":1,"minecraft:oak_log":15,"minecraft:bookshelf":20,"minecraft:coal_ore":18,"minecraft:dirt":1,"minecraft:bamboo":1,"minecraft:stone":1,"minecraft:bone_block":55,"minecraft:oak_leaves":9,"minecraft:redstone_lamp":1},"minecraft:killed_by":{"mowziesmobs:umvuthana_raptor":1},"minecraft:crafted":{"minecraft:oak_planks":212,"minecraft:crafting_table":1,"minecraft:wooden_pickaxe":1,"minecraft:iron_axe":1,"minecraft:torch":4},"minecraft:picked_up":{"croptopia:cinnamon_log":7,"minecraft:yellow_dye":1,"minecraft:wooden_pickaxe":2,"minecraft:brown_bed":5,"minecraft:oak_log":195,"minecraft:apple":23,"delightful:acorn":5,"minecraft:iron_pickaxe":2,"minecraft:bamboo":13,"minecraft:sugar_cane":5,"minecraft:oak_planks":4,"minecraft:furnace":2,"minecraft:book":60,"minecraft:stick":2,"minecraft:raw_iron":4,"minecraft:porkchop":3,"minecraft:rotten_flesh":6,"croptopia:orange":9,"minecraft:oak_sapling":8,"minecraft:damaged_anvil":1,"minecraft:coal":18,"minecraft:bone_block":50},"minecraft:used":{"minecraft:iron_shovel":2,"minecraft:oak_planks":209,"minecraft:shield":2,"minecraft:wooden_pickaxe":1,"minecraft:crafting_table":1,"simplyswords:diamond_claymore":30,"croptopia:orange":9,"minecraft:iron_axe":82,"minecraft:bread":22,"minecraft:iron_pickaxe":83,"minecraft:wooden_sword":2,"tombstone:gift":2,"minecraft:brown_bed":1},"minecraft:dropped":{"croptopia:cinnamon_log":7,"minecraft:yellow_dye":1,"tombstone:grave_key":1,"minecraft:rose_bush":2,"minecraft:snowball":4,"minecraft:oak_sapling":1,"minecraft:map":3,"tombstone:grave_dust":1,"minecraft:leather_leggings":1,"minecraft:brown_bed":1,"minecraft:wooden_pickaxe":2,"minecraft:iron_pickaxe":2},"minecraft:custom":{"minecraft:interact_with_furnace":3,"minecraft:mob_kills":9,"minecraft:interact_with_crafting_table":3,"minecraft:damage_dealt_resisted":7,"minecraft:time_since_death":60923,"minecraft:sleep_in_bed":1,"minecraft:climb_one_cm":9952,"minecraft:time_since_rest":36388,"minecraft:sprint_one_cm":163376,"minecraft:damage_taken":1209,"minecraft:walk_one_cm":152619,"minecraft:damage_blocked_by_shield":80,"minecraft:drop":14,"minecraft:damage_dealt":2097,"minecraft:swim_one_cm":5445,"minecraft:talked_to_villager":2,"minecraft:fly_one_cm":151690,"minecraft:open_chest":16,"minecraft:crouch_one_cm":1619,"minecraft:play_time":63202,"tombstone:undead_killed":8,"minecraft:deaths":1,"minecraft:sneak_time":503,"minecraft:walk_under_water_one_cm":3457,"minecraft:jump":990,"minecraft:walk_on_water_one_cm":10594,"minecraft:total_world_time":63202,"minecraft:fall_one_cm":30289}},"DataVersion":3465}