{"stats":{"minecraft:mined":{"minecraft:furnace":2,"croptopia:orange_crop":1,"minecraft:potted_blue_orchid":1,"minecraft:brown_bed":5,"minecraft:coal_ore":10,"croptopia:cinnamon_log":7,"minecraft:bookshelf":20,"minecraft:grass_block":2,"minecraft:oak_log":10,"minecraft:dirt":1,"minecraft:bamboo":1,"minecraft:sugar_cane":3,"minecraft:bone_block":55,"minecraft:damaged_anvil":1,"minecraft:oak_leaves":9,"minecraft:redstone_lamp":1},"minecraft:killed":{"minecraft:skeleton":2,"minecraft:zombie":6,"minecraft:pig":1},"minecraft:killed_by":{"mowziesmobs:umvuthana_raptor":1},"minecraft:crafted":{"minecraft:oak_planks":92,"minecraft:iron_axe":1,"minecraft:crafting_table":1,"minecraft:wooden_pickaxe":1,"minecraft:torch":4},"minecraft:picked_up":{"minecraft:book":60,"croptopia:cinnamon_log":7,"minecraft:yellow_dye":1,"minecraft:wooden_pickaxe":1,"minecraft:brown_bed":5,"minecraft:porkchop":3,"minecraft:oak_log":23,"minecraft:rotten_flesh":6,"minecraft:apple":23,"delightful:acorn":3,"croptopia:orange":9,"minecraft:iron_pickaxe":2,"minecraft:bamboo":13,"minecraft:oak_sapling":1,"minecraft:damaged_anvil":1,"minecraft:sugar_cane":5,"minecraft:coal":10,"minecraft:bone_block":50,"minecraft:furnace":2},"minecraft:used":{"minecraft:iron_shovel":2,"minecraft:oak_planks":74,"minecraft:iron_axe":50,"minecraft:bread":22,"minecraft:iron_pickaxe":70,"minecraft:wooden_pickaxe":1,"minecraft:shield":2,"minecraft:wooden_sword":2,"minecraft:crafting_table":1,"simplyswords:diamond_claymore":30,"tombstone:gift":2,"croptopia:orange":4,"minecraft:brown_bed":1},"minecraft:dropped":{"minecraft:yellow_dye":1,"minecraft:rose_bush":2,"minecraft:oak_sapling":1,"minecraft:map":3,"minecraft:snowball":4,"tombstone:grave_dust":1,"minecraft:leather_leggings":1,"minecraft:brown_bed":1,"minecraft:wooden_pickaxe":1,"minecraft:iron_pickaxe":2,"croptopia:cinnamon_log":7},"minecraft:custom":{"minecraft:time_since_rest":24388,"minecraft:interact_with_furnace":3,"minecraft:sprint_one_cm":130092,"minecraft:damage_taken":1177,"minecraft:walk_one_cm":106087,"minecraft:damage_blocked_by_shield":80,"minecraft:mob_kills":9,"minecraft:drop":12,"minecraft:damage_dealt":2097,"minecraft:interact_with_crafting_table":3,"minecraft:swim_one_cm":5445,"minecraft:fly_one_cm":132226,"minecraft:talked_to_villager":2,"minecraft:open_chest":16,"minecraft:crouch_one_cm":1619,"minecraft:play_time":51202,"tombstone:undead_killed":8,"minecraft:deaths":1,"minecraft:sneak_time":503,"minecraft:walk_under_water_one_cm":3083,"minecraft:jump":880,"minecraft:damage_dealt_resisted":7,"minecraft:time_since_death":48923,"minecraft:total_world_time":51202,"minecraft:walk_on_water_one_cm":9663,"minecraft:climb_one_cm":9952,"minecraft:sleep_in_bed":1,"minecraft:fall_one_cm":27988}},"DataVersion":3465}