{"stats":{"minecraft:dropped":{"minecraft:wheat_seeds":1,"minecraft:oak_log":78,"minecraft:feather":2,"minecraft:dirt":1,"minecraft:diorite":2,"minecraft:torch":2,"minecraft:yellow_dye":1,"tombstone:grave_key":1,"minecraft:rose_bush":2,"minecraft:map":3,"minecraft:snowball":4,"tombstone:grave_dust":3,"delightful:acorn":7,"minecraft:amethyst_shard":3,"minecraft:white_banner":1,"minecraft:iron_pickaxe":3,"minecraft:white_wool":8,"minecraft:bone":17,"minecraft:sugar_cane":10,"minecraft:rotten_flesh":13,"croptopia:cinnamon_log":7,"minecraft:leather_chestplate":1,"croptopia:avocado":1,"mysticalagriculture:inferium_essence":1,"minecraft:acacia_sapling":1,"minecraft:oak_sapling":9,"minecraft:leather_leggings":1,"minecraft:brown_bed":1,"minecraft:bamboo":13,"minecraft:wooden_pickaxe":4},"minecraft:crafted":{"minecraft:oak_door":9,"minecraft:oak_planks":980,"minecraft:cooked_chicken":1,"minecraft:furnace":5,"minecraft:stone":202,"minecraft:cooked_mutton":5,"minecraft:glass":205,"minecraft:iron_boots":1,"minecraft:iron_axe":2,"minecraft:chest":4,"minecraft:stone_bricks":1,"minecraft:oak_fence":24,"minecraft:cooked_rabbit":1,"minecraft:cooked_beef":5,"minecraft:cooked_porkchop":5,"minecraft:crafting_table":5,"minecraft:wooden_pickaxe":1,"minecraft:air":0,"minecraft:oak_boat":1,"minecraft:shield":1,"minecraft:stick":60,"minecraft:iron_ingot":5,"minecraft:iron_pickaxe":2,"minecraft:oak_stairs":20,"minecraft:stonecutter":1,"minecraft:torch":48},"minecraft:broken":{"minecraft:iron_shovel":1,"minecraft:iron_axe":1,"minecraft:iron_pickaxe":2},"minecraft:mined":{"mysticalagriculture:prosperity_ore":2,"croptopia:orange_crop":1,"minecraft:deepslate_diamond_ore":1,"minecraft:oak_door":2,"minecraft:potted_blue_orchid":1,"minecraft:granite":1,"minecraft:grass_block":86,"mysticalagriculture:inferium_ore":5,"minecraft:furnace":2,"minecraft:iron_ore":14,"evilcraft:dark_ore":1,"minecraft:deepslate_lapis_ore":1,"minecraft:brown_bed":9,"minecraft:bookshelf":20,"minecraft:deepslate_iron_ore":22,"minecraft:bamboo":1,"minecraft:stone":477,"minecraft:bone_block":55,"minecraft:player_head":1,"minecraft:deepslate_redstone_ore":7,"minecraft:crafting_table":1,"minecraft:oak_fence":14,"minecraft:torch":10,"croptopia:cinnamon_log":7,"minecraft:cobblestone":2,"minecraft:copper_ore":2,"minecraft:lapis_ore":2,"minecraft:deepslate_gold_ore":3,"minecraft:sugar_cane":3,"minecraft:oak_planks":53,"minecraft:damaged_anvil":1,"minecraft:diorite":1,"minecraft:wall_torch":8,"minecraft:skeleton_skull":1,"evilcraft:dark_ore_deepslate":1,"croptopia:avocado_crop":1,"minecraft:grass":45,"minecraft:oak_log":15,"minecraft:coal_ore":54,"minecraft:acacia_fence":1,"minecraft:zombie_head":1,"minecraft:sand":258,"minecraft:dirt":13,"minecraft:stonecutter":1,"minecraft:stone_bricks":8,"minecraft:oak_leaves":12,"minecraft:deepslate":1,"minecraft:redstone_lamp":1},"minecraft:picked_up":{"minecraft:crafting_table":1,"minecraft:chicken":1,"croptopia:peach":1,"croptopia:cinnamon_log":7,"minecraft:wooden_pickaxe":3,"minecraft:brown_bed":9,"minecraft:enchanted_book":1,"minecraft:experience_bottle":1,"minecraft:zombie_head":1,"mysticalagriculture:inferium_essence":23,"minecraft:cobbled_deepslate":1,"delightful:acorn":7,"croptopia:avocado":1,"minecraft:player_head":1,"minecraft:iron_pickaxe":3,"minecraft:sugar_cane":10,"minecraft:furnace":2,"minecraft:stick":2,"minecraft:raw_iron":36,"minecraft:oak_door":2,"minecraft:acacia_fence":1,"minecraft:oak_fence":14,"minecraft:torch":21,"mysticalagriculture:prosperity_shard":3,"minecraft:porkchop":18,"tombstone:grave_dust":2,"minecraft:diorite":2,"minecraft:carrot":1,"minecraft:redstone":33,"minecraft:arrow":21,"minecraft:rotten_flesh":14,"minecraft:saddle":1,"minecraft:gold_ingot":2,"minecraft:skeleton_skull":1,"minecraft:bone_block":50,"minecraft:cobblestone":472,"minecraft:feather":2,"minecraft:leather":1,"minecraft:yellow_dye":1,"minecraft:oak_log":443,"minecraft:gunpowder":4,"minecraft:lapis_lazuli":18,"minecraft:dirt":101,"minecraft:white_banner":4,"minecraft:cooked_mutton":1,"minecraft:bone":26,"minecraft:apple":36,"minecraft:stone_bricks":8,"minecraft:stonecutter":1,"minecraft:wheat_seeds":5,"minecraft:raw_gold":3,"minecraft:iron_ingot":3,"minecraft:rabbit":1,"minecraft:bamboo":13,"minecraft:acacia_sapling":1,"minecraft:oak_planks":138,"minecraft:book":60,"minecraft:cooked_porkchop":2,"minecraft:gravel":2,"minecraft:sand":253,"minecraft:bundle":1,"minecraft:diamond":1,"waystones:waystone":1,"evilcraft:dark_gem":9,"croptopia:orange":9,"minecraft:granite":1,"minecraft:emerald":2,"tombstone:magic_scroll":1,"minecraft:oak_sapling":16,"minecraft:damaged_anvil":1,"minecraft:coal":54},"minecraft:custom":{"minecraft:mob_kills":65,"minecraft:interact_with_crafting_table":27,"minecraft:open_barrel":3,"minecraft:damage_dealt_resisted":7,"minecraft:leave_game":3,"minecraft:time_since_death":273318,"minecraft:climb_one_cm":10166,"minecraft:sprint_one_cm":640663,"minecraft:walk_one_cm":771453,"minecraft:damage_blocked_by_shield":340,"minecraft:drop":50,"minecraft:talked_to_villager":19,"minecraft:raid_win":1,"minecraft:play_time":275597,"minecraft:deaths":1,"minecraft:sneak_time":10627,"minecraft:walk_under_water_one_cm":5740,"minecraft:jump":3051,"minecraft:walk_on_water_one_cm":25229,"minecraft:total_world_time":275597,"minecraft:interact_with_furnace":95,"tombstone:raider_killed":8,"minecraft:raid_trigger":1,"minecraft:interact_with_stonecutter":5,"minecraft:sleep_in_bed":11,"minecraft:time_since_rest":39258,"minecraft:waystone_activated":1,"minecraft:damage_taken":3266,"minecraft:damage_dealt":9681,"minecraft:swim_one_cm":55595,"minecraft:fly_one_cm":510277,"minecraft:open_chest":63,"minecraft:crouch_one_cm":31453,"tombstone:undead_killed":39,"minecraft:interact_with_smoker":8,"minecraft:fall_one_cm":87739},"minecraft:used":{"minecraft:oak_fence":37,"minecraft:iron_shovel":256,"minecraft:chest":4,"minecraft:shield":8,"minecraft:cooked_chicken":1,"minecraft:oak_door":8,"minecraft:torch":52,"minecraft:dirt":50,"minecraft:glass":120,"minecraft:iron_axe":182,"minecraft:oak_stairs":16,"minecraft:stone_bricks":207,"minecraft:bow":32,"minecraft:furnace":5,"tombstone:gift":4,"minecraft:brown_bed":8,"minecraft:cooked_mutton":2,"minecraft:oak_planks":830,"minecraft:wooden_pickaxe":1,"minecraft:stonecutter":2,"minecraft:crafting_table":5,"simplyswords:diamond_claymore":122,"croptopia:orange":9,"minecraft:apple":40,"minecraft:bread":34,"minecraft:iron_pickaxe":670,"minecraft:wooden_sword":2,"minecraft:cobblestone":3,"minecraft:cooked_porkchop":7,"minecraft:cooked_rabbit":1,"minecraft:bucket":1},"minecraft:killed_by":{"mowziesmobs:umvuthana_raptor":1},"minecraft:killed":{"minecraft:spider":3,"minecraft:skeleton":18,"naturalist:cardinal":1,"minecraft:pig":7,"minecraft:zombie_villager":2,"minecraft:ravager":1,"minecraft:creeper":5,"minecraft:pillager":7,"minecraft:zombie":19}},"DataVersion":3465}