{"stats":{"minecraft:dropped":{"minecraft:wheat_seeds":1,"minecraft:oak_log":78,"minecraft:feather":8,"minecraft:cobblestone":6,"minecraft:granite":1,"simplyswords:diamond_claymore":1,"minecraft:dirt":1,"minecraft:diorite":2,"minecraft:torch":2,"minecraft:yellow_dye":1,"tombstone:grave_key":1,"minecraft:rose_bush":2,"minecraft:map":3,"minecraft:snowball":4,"tombstone:grave_dust":6,"delightful:acorn":7,"minecraft:amethyst_shard":3,"minecraft:white_banner":1,"minecraft:iron_pickaxe":3,"minecraft:white_wool":8,"croptopia:glowing_calamari":1,"minecraft:bone":17,"minecraft:gravel":2,"minecraft:sugar_cane":10,"minecraft:cobbled_deepslate":10,"minecraft:rotten_flesh":16,"minecraft:oak_planks":10,"croptopia:cinnamon_log":7,"minecraft:carrot":1,"minecraft:leather_chestplate":1,"croptopia:avocado":1,"mysticalagriculture:inferium_essence":19,"minecraft:acacia_sapling":1,"minecraft:oak_sapling":9,"minecraft:leather_leggings":1,"minecraft:brown_bed":1,"minecraft:bamboo":13,"minecraft:wooden_pickaxe":4},"minecraft:crafted":{"minecraft:oak_door":9,"minecraft:oak_planks":1044,"minecraft:cooked_chicken":1,"minecraft:furnace":5,"minecraft:stone":202,"minecraft:cooked_mutton":5,"minecraft:glass":205,"minecraft:iron_boots":1,"minecraft:iron_axe":2,"minecraft:chest":4,"minecraft:stone_bricks":1,"minecraft:oak_fence":24,"minecraft:cooked_rabbit":1,"minecraft:cooked_beef":5,"minecraft:cooked_porkchop":5,"minecraft:crafting_table":5,"minecraft:wooden_pickaxe":1,"minecraft:air":0,"minecraft:oak_boat":2,"minecraft:shield":1,"minecraft:stick":60,"minecraft:iron_ingot":5,"minecraft:iron_pickaxe":2,"minecraft:oak_stairs":20,"minecraft:stonecutter":1,"minecraft:torch":48},"minecraft:broken":{"minecraft:iron_shovel":1,"minecraft:iron_axe":1,"minecraft:iron_pickaxe":2,"minecraft:iron_helmet":1},"minecraft:mined":{"mysticalagriculture:prosperity_ore":2,"croptopia:orange_crop":1,"minecraft:deepslate_diamond_ore":1,"minecraft:oak_door":2,"minecraft:potted_blue_orchid":1,"minecraft:granite":1,"minecraft:grass_block":87,"mysticalagriculture:inferium_ore":5,"minecraft:furnace":2,"minecraft:iron_ore":14,"evilcraft:dark_ore":1,"minecraft:deepslate_lapis_ore":7,"minecraft:brown_bed":10,"minecraft:bookshelf":20,"minecraft:vine":1,"minecraft:deepslate_iron_ore":30,"minecraft:bamboo":1,"minecraft:stone":477,"minecraft:bone_block":55,"minecraft:player_head":1,"minecraft:deepslate_redstone_ore":29,"minecraft:crafting_table":1,"minecraft:oak_fence":14,"minecraft:torch":15,"croptopia:cinnamon_log":7,"minecraft:cobblestone":2,"minecraft:copper_ore":2,"minecraft:cyan_bed":1,"minecraft:lapis_ore":2,"minecraft:deepslate_gold_ore":18,"minecraft:sugar_cane":3,"minecraft:oak_planks":53,"minecraft:damaged_anvil":1,"minecraft:diorite":1,"minecraft:wall_torch":9,"minecraft:skeleton_skull":1,"ecologics:seashell":1,"evilcraft:dark_ore_deepslate":4,"croptopia:avocado_crop":1,"minecraft:grass":49,"minecraft:oak_log":15,"minecraft:coal_ore":70,"minecraft:acacia_fence":1,"minecraft:zombie_head":1,"minecraft:sand":258,"minecraft:dirt":14,"minecraft:stonecutter":1,"minecraft:stone_bricks":8,"minecraft:fern":2,"minecraft:oak_leaves":13,"minecraft:deepslate":8,"minecraft:redstone_lamp":1},"minecraft:picked_up":{"minecraft:iron_chestplate":1,"minecraft:crafting_table":1,"minecraft:chicken":1,"croptopia:grape_seed":4,"croptopia:peach":1,"croptopia:cinnamon_log":7,"minecraft:wooden_pickaxe":3,"minecraft:brown_bed":11,"minecraft:enchanted_book":2,"minecraft:shield":1,"minecraft:iron_axe":1,"minecraft:iron_leggings":1,"minecraft:experience_bottle":1,"minecraft:zombie_head":1,"mysticalagriculture:inferium_essence":36,"minecraft:cobbled_deepslate":10,"delightful:acorn":7,"croptopia:avocado":1,"minecraft:beef":4,"minecraft:oak_boat":4,"minecraft:player_head":1,"minecraft:iron_pickaxe":4,"minecraft:sugar_cane":10,"minecraft:furnace":4,"minecraft:stick":49,"minecraft:raw_iron":83,"minecraft:oak_door":2,"minecraft:acacia_fence":1,"minecraft:oak_fence":14,"minecraft:torch":30,"mysticalagriculture:prosperity_shard":6,"minecraft:porkchop":18,"tombstone:grave_dust":3,"minecraft:diorite":2,"minecraft:carrot":2,"minecraft:redstone":249,"croptopia:grape":2,"minecraft:arrow":26,"minecraft:rotten_flesh":16,"minecraft:saddle":1,"minecraft:gold_ingot":2,"minecraft:skeleton_skull":1,"minecraft:bone_block":50,"minecraft:cobblestone":600,"minecraft:feather":8,"minecraft:water_bucket":1,"minecraft:leather":6,"minecraft:yellow_dye":1,"croptopia:glowing_calamari":1,"minecraft:oak_log":459,"evilcraft:flesh_humanoid":2,"minecraft:gunpowder":6,"minecraft:lapis_lazuli":110,"minecraft:dirt":155,"tombstone:gift":1,"minecraft:white_banner":4,"minecraft:cooked_mutton":1,"minecraft:bone":37,"minecraft:apple":38,"minecraft:stone_bricks":8,"minecraft:bow":1,"minecraft:stonecutter":1,"minecraft:wheat_seeds":5,"minecraft:raw_gold":36,"minecraft:iron_ingot":8,"minecraft:rabbit":1,"minecraft:bamboo":13,"minecraft:acacia_sapling":1,"minecraft:oak_planks":184,"minecraft:book":60,"minecraft:cooked_porkchop":2,"minecraft:gravel":2,"minecraft:sand":253,"minecraft:cyan_bed":1,"minecraft:bundle":1,"simplyswords:diamond_claymore":2,"minecraft:diamond":2,"waystones:waystone":1,"evilcraft:dark_gem":43,"croptopia:orange":9,"minecraft:granite":1,"minecraft:bread":4,"minecraft:emerald":2,"tombstone:magic_scroll":2,"minecraft:oak_sapling":16,"minecraft:damaged_anvil":1,"minecraft:coal":113},"minecraft:custom":{"minecraft:mob_kills":79,"minecraft:interact_with_crafting_table":28,"minecraft:open_barrel":3,"minecraft:damage_dealt_resisted":7,"minecraft:leave_game":3,"minecraft:time_since_death":25956,"minecraft:climb_one_cm":13028,"minecraft:sprint_one_cm":820860,"minecraft:walk_one_cm":869644,"minecraft:damage_blocked_by_shield":340,"minecraft:drop":70,"minecraft:talked_to_villager":19,"minecraft:raid_win":1,"minecraft:play_time":353597,"minecraft:deaths":5,"minecraft:sneak_time":11614,"minecraft:walk_under_water_one_cm":20770,"minecraft:jump":4341,"minecraft:walk_on_water_one_cm":38786,"minecraft:total_world_time":353597,"minecraft:interact_with_furnace":95,"tombstone:raider_killed":8,"minecraft:raid_trigger":1,"minecraft:interact_with_stonecutter":5,"minecraft:sleep_in_bed":12,"minecraft:time_since_rest":23557,"minecraft:waystone_activated":1,"minecraft:damage_taken":5276,"minecraft:damage_dealt":12874,"minecraft:swim_one_cm":124098,"minecraft:player_kills":1,"minecraft:fly_one_cm":721492,"minecraft:open_chest":70,"minecraft:crouch_one_cm":31810,"tombstone:undead_killed":47,"minecraft:interact_with_smoker":8,"minecraft:fall_one_cm":119003},"minecraft:used":{"minecraft:oak_fence":37,"minecraft:iron_shovel":256,"minecraft:chest":4,"minecraft:shield":8,"minecraft:cooked_chicken":1,"minecraft:oak_door":8,"minecraft:torch":67,"minecraft:dirt":50,"minecraft:glass":120,"minecraft:iron_axe":184,"minecraft:oak_stairs":16,"minecraft:stone_bricks":207,"minecraft:bow":41,"minecraft:furnace":5,"tombstone:gift":7,"minecraft:brown_bed":8,"minecraft:cooked_mutton":2,"minecraft:water_bucket":3,"minecraft:oak_planks":860,"minecraft:wooden_pickaxe":1,"minecraft:stonecutter":2,"minecraft:crafting_table":6,"simplyswords:diamond_claymore":165,"croptopia:orange":9,"minecraft:apple":48,"minecraft:cyan_bed":1,"minecraft:bread":53,"minecraft:iron_pickaxe":761,"minecraft:wooden_sword":2,"minecraft:cobblestone":3,"minecraft:cooked_porkchop":7,"minecraft:cooked_rabbit":1,"minecraft:bucket":4,"minecraft:oak_boat":4},"minecraft:killed":{"minecraft:spider":4,"naturalist:snail":2,"minecraft:skeleton":21,"naturalist:cardinal":1,"minecraft:parrot":1,"minecraft:pig":7,"minecraft:zombie_villager":2,"minecraft:ravager":1,"minecraft:creeper":5,"minecraft:pillager":7,"minecraft:zombie":24,"minecraft:cow":2},"minecraft:killed_by":{"minecraft:player":4,"mowziesmobs:umvuthana_raptor":1}},"DataVersion":3465}