{"stats":{"minecraft:mined":{"minecraft:light_blue_bed":1},"minecraft:picked_up":{"minecraft:bread":40,"minecraft:light_blue_bed":1,"minecraft:wooden_pickaxe":1,"minecraft:iron_helmet":1},"minecraft:used":{"minecraft:wooden_sword":1,"minecraft:bread":2},"minecraft:custom":{"minecraft:jump":91,"minecraft:open_chest":2,"minecraft:time_since_rest":6270,"minecraft:damage_dealt":58,"minecraft:crouch_one_cm":26,"minecraft:walk_on_water_one_cm":470,"minecraft:sprint_one_cm":9640,"minecraft:play_time":6270,"minecraft:damage_taken":134,"minecraft:time_since_death":6270,"minecraft:walk_one_cm":24843,"minecraft:sneak_time":6,"minecraft:total_world_time":6270,"minecraft:walk_under_water_one_cm":92,"minecraft:swim_one_cm":3488,"minecraft:fall_one_cm":1912,"minecraft:fly_one_cm":16107}},"DataVersion":3465}