{"stats":{"minecraft:dropped":{"minecraft:wooden_pickaxe":1,"minecraft:light_blue_bed":1},"minecraft:crafted":{"minecraft:oak_planks":4,"minecraft:crafting_table":1,"minecraft:stick":4,"minecraft:wooden_axe":1,"minecraft:jungle_planks":8},"minecraft:mined":{"minecraft:hay_block":2,"minecraft:light_blue_bed":1,"minecraft:jungle_leaves":2,"minecraft:black_bed":1,"minecraft:oak_fence":1,"minecraft:crafting_table":1,"minecraft:grass":5,"croptopia:cinnamon_log":3,"minecraft:oak_log":1,"minecraft:jungle_log":3,"minecraft:fern":2,"minecraft:redstone_lamp":4},"minecraft:picked_up":{"minecraft:crafting_table":1,"minecraft:feather":4,"minecraft:chicken":3,"croptopia:peach":1,"croptopia:cinnamon_log":3,"minecraft:jungle_log":3,"minecraft:redstone_lamp":5,"minecraft:black_bed":1,"minecraft:oak_fence":1,"minecraft:wooden_pickaxe":1,"minecraft:porkchop":2,"minecraft:oak_log":16,"minecraft:light_blue_bed":1,"minecraft:apple":7,"mysticalagriculture:inferium_essence":1,"minecraft:hay_block":2,"minecraft:iron_helmet":1,"minecraft:bread":40,"minecraft:iron_pickaxe":1,"minecraft:mutton":2,"minecraft:white_wool":1},"minecraft:used":{"minecraft:oak_fence":1,"minecraft:wooden_axe":4,"minecraft:bread":14,"minecraft:jungle_log":1,"minecraft:iron_sword":5,"minecraft:light_gray_wool":3,"minecraft:redstone_lamp":5,"minecraft:wooden_sword":7,"travelersbackpack:standard":9,"minecraft:crafting_table":1,"minecraft:jungle_planks":2,"minecraft:obsidian":4,"minecraft:experience_bottle":2},"minecraft:custom":{"minecraft:time_since_rest":77173,"minecraft:interact_with_furnace":6,"minecraft:sprint_one_cm":60130,"minecraft:damage_taken":852,"minecraft:walk_one_cm":175974,"minecraft:mob_kills":6,"minecraft:drop":2,"minecraft:damage_dealt":564,"minecraft:interact_with_crafting_table":3,"minecraft:swim_one_cm":10723,"minecraft:talked_to_villager":4,"minecraft:tune_noteblock":1,"minecraft:fly_one_cm":379892,"minecraft:open_barrel":2,"minecraft:open_chest":28,"minecraft:crouch_one_cm":1565,"minecraft:play_time":77173,"tombstone:undead_killed":1,"minecraft:bell_ring":6,"minecraft:sneak_time":562,"minecraft:walk_under_water_one_cm":4905,"minecraft:jump":626,"minecraft:eat_cake_slice":2,"minecraft:leave_game":1,"minecraft:time_since_death":77173,"minecraft:walk_on_water_one_cm":1808,"minecraft:climb_one_cm":8203,"minecraft:total_world_time":77173,"minecraft:fall_one_cm":22873},"minecraft:killed":{"minecraft:sheep":1,"minecraft:zombie":1,"minecraft:pig":1,"minecraft:chicken":3}},"DataVersion":3465}