{"stats":{"minecraft:dropped":{"minecraft:wooden_pickaxe":1,"minecraft:light_blue_bed":1},"minecraft:crafted":{"minecraft:crafting_table":1,"minecraft:stick":4,"minecraft:jungle_planks":8},"minecraft:mined":{"minecraft:light_blue_bed":1,"minecraft:jungle_leaves":2,"minecraft:black_bed":1,"minecraft:grass":4,"croptopia:cinnamon_log":3,"minecraft:jungle_log":3,"minecraft:redstone_lamp":4,"minecraft:fern":2},"minecraft:picked_up":{"croptopia:cinnamon_log":3,"minecraft:jungle_log":3,"minecraft:redstone_lamp":5,"minecraft:black_bed":1,"minecraft:wooden_pickaxe":1,"minecraft:light_blue_bed":1,"minecraft:iron_helmet":1,"minecraft:bread":40,"minecraft:iron_pickaxe":1},"minecraft:used":{"minecraft:bread":6,"minecraft:jungle_log":1,"minecraft:light_gray_wool":3,"minecraft:wooden_sword":4,"minecraft:redstone_lamp":5,"minecraft:jungle_planks":2,"minecraft:obsidian":4,"minecraft:experience_bottle":2},"minecraft:custom":{"minecraft:time_since_rest":30270,"minecraft:sprint_one_cm":21104,"minecraft:damage_taken":472,"minecraft:walk_one_cm":76579,"minecraft:mob_kills":1,"minecraft:drop":2,"minecraft:damage_dealt":125,"minecraft:swim_one_cm":4760,"minecraft:talked_to_villager":1,"minecraft:tune_noteblock":1,"minecraft:fly_one_cm":35835,"minecraft:open_chest":8,"minecraft:crouch_one_cm":1299,"minecraft:play_time":30270,"tombstone:undead_killed":1,"minecraft:sneak_time":352,"minecraft:bell_ring":6,"minecraft:walk_under_water_one_cm":1567,"minecraft:jump":279,"minecraft:walk_on_water_one_cm":744,"minecraft:time_since_death":30270,"minecraft:total_world_time":30270,"minecraft:climb_one_cm":3385,"minecraft:fall_one_cm":8385},"minecraft:killed":{"minecraft:zombie":1}},"DataVersion":3465}