{"stats":{"minecraft:mined":{"minecraft:hay_block":2,"minecraft:light_blue_bed":1,"minecraft:jungle_leaves":2,"minecraft:oak_fence":1,"minecraft:black_bed":1,"minecraft:crafting_table":1,"minecraft:grass":5,"croptopia:cinnamon_log":3,"minecraft:oak_log":1,"minecraft:jungle_log":3,"minecraft:redstone_lamp":4,"minecraft:fern":2},"minecraft:killed":{"minecraft:sheep":1,"minecraft:zombie":1,"minecraft:pig":1},"minecraft:crafted":{"minecraft:oak_planks":4,"minecraft:crafting_table":1,"minecraft:stick":4,"minecraft:wooden_axe":1,"minecraft:jungle_planks":8},"minecraft:picked_up":{"minecraft:crafting_table":1,"croptopia:cinnamon_log":3,"minecraft:jungle_log":3,"minecraft:redstone_lamp":5,"minecraft:black_bed":1,"minecraft:oak_fence":1,"minecraft:wooden_pickaxe":1,"minecraft:porkchop":2,"minecraft:oak_log":16,"minecraft:light_blue_bed":1,"minecraft:apple":7,"minecraft:hay_block":2,"minecraft:iron_helmet":1,"minecraft:bread":40,"minecraft:iron_pickaxe":1,"minecraft:mutton":2,"minecraft:white_wool":1},"minecraft:used":{"minecraft:oak_fence":1,"minecraft:wooden_axe":2,"minecraft:bread":14,"minecraft:jungle_log":1,"minecraft:iron_sword":2,"minecraft:light_gray_wool":3,"minecraft:wooden_sword":7,"minecraft:redstone_lamp":5,"travelersbackpack:standard":9,"minecraft:crafting_table":1,"minecraft:jungle_planks":2,"minecraft:experience_bottle":2,"minecraft:obsidian":4},"minecraft:dropped":{"minecraft:wooden_pickaxe":1,"minecraft:light_blue_bed":1},"minecraft:custom":{"minecraft:time_since_rest":67217,"minecraft:interact_with_furnace":2,"minecraft:sprint_one_cm":55944,"minecraft:damage_taken":712,"minecraft:walk_one_cm":153481,"minecraft:mob_kills":3,"minecraft:drop":2,"minecraft:damage_dealt":305,"minecraft:interact_with_crafting_table":3,"minecraft:swim_one_cm":6346,"minecraft:talked_to_villager":4,"minecraft:tune_noteblock":1,"minecraft:fly_one_cm":163296,"minecraft:open_barrel":1,"minecraft:open_chest":20,"minecraft:crouch_one_cm":1430,"minecraft:play_time":67217,"tombstone:undead_killed":1,"minecraft:sneak_time":475,"minecraft:bell_ring":6,"minecraft:walk_under_water_one_cm":2438,"minecraft:jump":551,"minecraft:eat_cake_slice":2,"minecraft:leave_game":1,"minecraft:walk_on_water_one_cm":994,"minecraft:time_since_death":67217,"minecraft:climb_one_cm":7841,"minecraft:total_world_time":67217,"minecraft:fall_one_cm":21364}},"DataVersion":3465}