{"stats":{"minecraft:dropped":{"minecraft:wooden_pickaxe":1,"minecraft:light_blue_bed":1},"minecraft:crafted":{"minecraft:oak_planks":4,"minecraft:crafting_table":1,"minecraft:jungle_planks":8,"minecraft:stick":4,"minecraft:wooden_axe":1},"minecraft:mined":{"minecraft:jungle_leaves":2,"minecraft:oak_fence":1,"minecraft:crafting_table":1,"croptopia:cinnamon_log":3,"minecraft:jungle_log":3,"minecraft:hay_block":2,"minecraft:light_blue_bed":1,"minecraft:black_bed":1,"minecraft:grass":5,"minecraft:oak_log":1,"minecraft:redstone_lamp":4,"minecraft:fern":2},"minecraft:picked_up":{"minecraft:crafting_table":1,"minecraft:feather":4,"minecraft:chicken":3,"croptopia:peach":1,"croptopia:cinnamon_log":3,"minecraft:jungle_log":3,"minecraft:redstone_lamp":5,"minecraft:black_bed":1,"minecraft:wooden_pickaxe":1,"minecraft:oak_log":16,"minecraft:bone":4,"minecraft:apple":7,"mysticalagriculture:inferium_essence":1,"minecraft:wheat_seeds":5,"minecraft:iron_pickaxe":1,"minecraft:oak_fence":1,"minecraft:porkchop":2,"minecraft:light_blue_bed":1,"minecraft:arrow":2,"minecraft:iron_helmet":1,"minecraft:hay_block":2,"minecraft:bread":40,"minecraft:mutton":2,"minecraft:white_wool":1},"minecraft:custom":{"minecraft:interact_with_furnace":6,"minecraft:mob_kills":10,"minecraft:tune_noteblock":1,"minecraft:interact_with_crafting_table":3,"minecraft:open_barrel":7,"minecraft:bell_ring":6,"minecraft:eat_cake_slice":2,"minecraft:leave_game":2,"minecraft:time_since_death":40649,"minecraft:climb_one_cm":11305,"minecraft:time_since_rest":40281,"minecraft:sprint_one_cm":76424,"minecraft:damage_taken":1338,"minecraft:walk_one_cm":287155,"minecraft:drop":2,"minecraft:damage_dealt":2021,"minecraft:swim_one_cm":16505,"minecraft:talked_to_villager":4,"minecraft:fly_one_cm":631412,"minecraft:player_kills":2,"minecraft:open_chest":30,"minecraft:crouch_one_cm":1775,"minecraft:play_time":142465,"tombstone:undead_killed":3,"minecraft:deaths":1,"minecraft:sneak_time":755,"minecraft:walk_under_water_one_cm":14102,"minecraft:jump":828,"minecraft:walk_on_water_one_cm":5341,"minecraft:total_world_time":142465,"minecraft:fall_one_cm":25397},"minecraft:used":{"minecraft:oak_fence":1,"minecraft:iron_sword":5,"simplyswords:diamond_warglaive":3,"minecraft:crafting_table":1,"minecraft:jungle_planks":2,"minecraft:obsidian":4,"minecraft:wooden_axe":4,"minecraft:grass_block":4,"minecraft:bread":19,"minecraft:jungle_log":1,"simplyswords:diamond_chakram":27,"minecraft:light_gray_wool":3,"minecraft:wooden_sword":7,"minecraft:redstone_lamp":5,"travelersbackpack:standard":10,"tombstone:gift":2,"minecraft:experience_bottle":2},"minecraft:killed_by":{"minecraft:player":1},"minecraft:killed":{"minecraft:pig":1,"minecraft:creeper":1,"minecraft:sheep":1,"minecraft:skeleton":2,"minecraft:zombie":1,"minecraft:chicken":3}},"DataVersion":3465}