{"stats":{"minecraft:killed":{"minecraft:zombie":1,"minecraft:pig":1},"minecraft:mined":{"minecraft:light_blue_bed":1,"minecraft:jungle_leaves":2,"minecraft:black_bed":1,"minecraft:grass":4,"croptopia:cinnamon_log":3,"minecraft:jungle_log":3,"minecraft:redstone_lamp":4,"minecraft:fern":2},"minecraft:crafted":{"minecraft:crafting_table":1,"minecraft:stick":4,"minecraft:jungle_planks":8},"minecraft:picked_up":{"croptopia:cinnamon_log":3,"minecraft:jungle_log":3,"minecraft:redstone_lamp":5,"minecraft:black_bed":1,"minecraft:wooden_pickaxe":1,"minecraft:porkchop":2,"minecraft:light_blue_bed":1,"minecraft:iron_helmet":1,"minecraft:bread":40,"minecraft:iron_pickaxe":1},"minecraft:used":{"minecraft:bread":10,"minecraft:jungle_log":1,"minecraft:light_gray_wool":3,"minecraft:wooden_sword":7,"minecraft:redstone_lamp":5,"travelersbackpack:standard":6,"minecraft:jungle_planks":2,"minecraft:experience_bottle":2,"minecraft:obsidian":4},"minecraft:dropped":{"minecraft:wooden_pickaxe":1,"minecraft:light_blue_bed":1},"minecraft:custom":{"minecraft:time_since_rest":40663,"minecraft:sprint_one_cm":31126,"minecraft:damage_taken":552,"minecraft:walk_one_cm":91466,"minecraft:mob_kills":2,"minecraft:drop":2,"minecraft:damage_dealt":225,"minecraft:swim_one_cm":6346,"minecraft:talked_to_villager":1,"minecraft:tune_noteblock":1,"minecraft:fly_one_cm":96154,"minecraft:open_barrel":1,"minecraft:open_chest":11,"minecraft:crouch_one_cm":1299,"minecraft:play_time":40663,"tombstone:undead_killed":1,"minecraft:sneak_time":353,"minecraft:bell_ring":6,"minecraft:walk_under_water_one_cm":2438,"minecraft:jump":421,"minecraft:walk_on_water_one_cm":994,"minecraft:time_since_death":40663,"minecraft:climb_one_cm":3613,"minecraft:total_world_time":40663,"minecraft:fall_one_cm":13082}},"DataVersion":3465}