{"stats":{"minecraft:dropped":{"minecraft:wooden_pickaxe":1,"minecraft:light_blue_bed":1},"minecraft:mined":{"minecraft:light_blue_bed":1,"minecraft:black_bed":1,"minecraft:redstone_lamp":4},"minecraft:picked_up":{"minecraft:redstone_lamp":5,"minecraft:black_bed":1,"minecraft:wooden_pickaxe":1,"minecraft:iron_helmet":1,"minecraft:bread":40,"minecraft:iron_pickaxe":1,"minecraft:light_blue_bed":1},"minecraft:used":{"minecraft:wooden_sword":2,"minecraft:bread":3,"minecraft:experience_bottle":2},"minecraft:custom":{"minecraft:time_since_rest":18270,"minecraft:open_chest":6,"minecraft:crouch_one_cm":975,"minecraft:play_time":18270,"minecraft:sprint_one_cm":14956,"minecraft:damage_taken":153,"minecraft:walk_one_cm":53961,"minecraft:bell_ring":6,"minecraft:sneak_time":193,"minecraft:walk_under_water_one_cm":331,"minecraft:drop":2,"minecraft:jump":138,"minecraft:damage_dealt":58,"minecraft:time_since_death":18270,"minecraft:walk_on_water_one_cm":690,"minecraft:climb_one_cm":773,"minecraft:total_world_time":18270,"minecraft:talked_to_villager":1,"minecraft:tune_noteblock":1,"minecraft:swim_one_cm":3488,"minecraft:fall_one_cm":3189,"minecraft:fly_one_cm":23619}},"DataVersion":3465}