{"stats":{"minecraft:killed":{"minecraft:skeleton":1,"mowziesmobs:foliaath":1,"minecraft:cow":1},"minecraft:mined":{"minecraft:crafting_table":1,"minecraft:grass_block":2,"minecraft:rose_bush":1,"minecraft:redstone_wire":4,"minecraft:oak_planks":4,"minecraft:iron_ore":9,"minecraft:stone_brick_stairs":1,"minecraft:brown_bed":1,"minecraft:grass":1,"croptopia:cinnamon_leaves":1,"pineapple_delight:pineapple_wild_crop":2,"minecraft:gravel":1,"minecraft:dirt":2,"minecraft:stone":1,"minecraft:oak_leaves":5},"minecraft:crafted":{"minecraft:cooked_porkchop":2,"minecraft:crafting_table":1,"minecraft:iron_sword":1,"minecraft:bucket":1,"minecraft:bread":15,"minecraft:air":0,"minecraft:iron_boots":1,"minecraft:iron_chestplate":1,"minecraft:iron_ingot":13,"minecraft:iron_leggings":1,"minecraft:torch":28,"minecraft:minecart":1},"minecraft:picked_up":{"minecraft:crafting_table":1,"minecraft:leather":2,"minecraft:wooden_pickaxe":1,"minecraft:brown_bed":1,"minecraft:stone_brick_stairs":1,"minecraft:dirt":4,"minecraft:wooden_sword":1,"minecraft:bone":2,"croptopia:pear":6,"minecraft:beef":2,"minecraft:rose_bush":1,"minecraft:iron_pickaxe":1,"minecraft:oak_planks":4,"minecraft:raw_iron":9,"minecraft:redstone":4,"croptopia:date":3,"croptopia:lemon":4,"minecraft:arrow":1,"croptopia:orange":3,"minecraft:iron_helmet":1,"pineapple_delight:pineapple_crop":2,"minecraft:bone_block":5,"minecraft:cobblestone":1},"minecraft:used":{"croptopia:lemon":4,"minecraft:redstone":4,"minecraft:shield":7,"minecraft:white_wool":3,"minecraft:dirt":4,"croptopia:date":3,"minecraft:crafting_table":2,"croptopia:orange":3,"minecraft:bread":13,"minecraft:iron_pickaxe":11,"minecraft:stone_brick_stairs":1,"minecraft:wooden_sword":14,"croptopia:pear":6,"minecraft:experience_bottle":7},"minecraft:custom":{"minecraft:interact_with_furnace":7,"minecraft:mob_kills":3,"minecraft:interact_with_anvil":1,"minecraft:interact_with_crafting_table":5,"minecraft:open_barrel":2,"minecraft:time_since_death":52542,"minecraft:climb_one_cm":5638,"minecraft:time_since_rest":52542,"minecraft:sprint_one_cm":102175,"minecraft:damage_taken":680,"minecraft:walk_one_cm":92161,"minecraft:damage_blocked_by_shield":369,"minecraft:drop":12,"minecraft:damage_dealt":456,"minecraft:swim_one_cm":16484,"minecraft:fly_one_cm":151317,"minecraft:open_chest":17,"minecraft:crouch_one_cm":2112,"minecraft:play_time":52542,"tombstone:undead_killed":1,"minecraft:sneak_time":926,"minecraft:walk_under_water_one_cm":1544,"minecraft:jump":742,"minecraft:walk_on_water_one_cm":2425,"minecraft:total_world_time":52542,"minecraft:fall_one_cm":18762},"minecraft:dropped":{"minecraft:bread":40,"minecraft:iron_helmet":2,"minecraft:cobblestone":1,"minecraft:yellow_dye":1,"minecraft:green_dye":1,"pineapple_delight:pineapple_crop":2,"minecraft:wooden_sword":1,"minecraft:wooden_pickaxe":1,"minecraft:iron_pickaxe":2}},"DataVersion":3465}