{"stats":{"minecraft:crafted":{"minecraft:iron_boots":1,"minecraft:iron_chestplate":1,"minecraft:iron_leggings":1,"minecraft:minecart":1},"minecraft:dropped":{"minecraft:bread":40,"minecraft:yellow_dye":1,"minecraft:iron_helmet":2,"minecraft:iron_pickaxe":1},"minecraft:mined":{"minecraft:stone_brick_stairs":1,"minecraft:brown_bed":1,"minecraft:grass":1,"minecraft:rose_bush":1,"minecraft:redstone_wire":1,"minecraft:oak_leaves":5},"minecraft:picked_up":{"minecraft:leather":2,"minecraft:brown_bed":1,"minecraft:stone_brick_stairs":1,"minecraft:redstone":1,"croptopia:lemon":4,"croptopia:pear":6,"minecraft:iron_helmet":1,"croptopia:orange":3,"minecraft:beef":2,"minecraft:rose_bush":1,"minecraft:iron_pickaxe":1,"minecraft:bone_block":4},"minecraft:used":{"croptopia:lemon":4,"minecraft:bread":5,"minecraft:redstone":1,"minecraft:iron_pickaxe":1,"minecraft:shield":2,"minecraft:white_wool":3,"minecraft:wooden_sword":5,"croptopia:orange":3,"croptopia:pear":6},"minecraft:custom":{"minecraft:time_since_rest":16874,"minecraft:interact_with_furnace":2,"minecraft:sprint_one_cm":46337,"minecraft:damage_taken":386,"minecraft:walk_one_cm":53155,"minecraft:damage_blocked_by_shield":181,"minecraft:mob_kills":1,"minecraft:interact_with_anvil":1,"minecraft:drop":5,"minecraft:damage_dealt":134,"minecraft:swim_one_cm":8990,"minecraft:interact_with_crafting_table":1,"minecraft:fly_one_cm":47885,"minecraft:open_chest":12,"minecraft:crouch_one_cm":1517,"minecraft:play_time":16874,"minecraft:sneak_time":689,"minecraft:walk_under_water_one_cm":1152,"minecraft:jump":280,"minecraft:walk_on_water_one_cm":1188,"minecraft:time_since_death":16874,"minecraft:total_world_time":16874,"minecraft:climb_one_cm":3889,"minecraft:fall_one_cm":6520},"minecraft:killed":{"minecraft:cow":1}},"DataVersion":3465}