{"stats":{"minecraft:used":{"minecraft:redstone":4,"minecraft:chest":2,"minecraft:shield":33,"minecraft:iron_sword":250,"minecraft:torch":55,"minecraft:dirt":5,"croptopia:date":3,"simplyswords:iron_katana":163,"minecraft:stone_brick_stairs":1,"minecraft:barrel":1,"minecraft:goat_horn":1,"tombstone:gift":4,"minecraft:cobbled_deepslate":41,"minecraft:brown_bed":4,"croptopia:pear":6,"minecraft:cooked_mutton":4,"minecraft:water_bucket":9,"simplyswords:gold_halberd":32,"croptopia:lemon":4,"minecraft:white_wool":3,"minecraft:crafting_table":3,"minecraft:crossbow":2,"croptopia:orange":3,"minecraft:bread":101,"minecraft:iron_pickaxe":996,"minecraft:wooden_sword":14,"minecraft:cobblestone":175,"minecraft:cooked_porkchop":2,"minecraft:andesite":2,"minecraft:bucket":10,"minecraft:experience_bottle":7},"minecraft:dropped":{"minecraft:enchanted_book":1,"minecraft:bread":40,"minecraft:tnt":2,"minecraft:golden_horse_armor":1,"minecraft:golden_axe":1,"minecraft:iron_helmet":2,"minecraft:cobblestone":1,"minecraft:granite":4,"minecraft:iron_horse_armor":1,"minecraft:diorite":10,"minecraft:torch":10,"minecraft:yellow_dye":1,"minecraft:green_dye":1,"minecraft:wooden_sword":1,"mysticalagriculture:prosperity_shard":14,"minecraft:bone_meal":26,"minecraft:iron_pickaxe":2,"minecraft:iron_shovel":1,"minecraft:chainmail_leggings":1,"minecraft:paper":4,"minecraft:gold_ingot":3,"minecraft:redstone":5,"minecraft:cobbled_deepslate":1,"minecraft:raw_copper":8,"minecraft:tuff":4,"minecraft:wheat":9,"farmersdelight:cabbage_seeds":5,"minecraft:rotten_flesh":8,"mysticalagriculture:inferium_essence":7,"minecraft:andesite":40,"pineapple_delight:pineapple_crop":2,"minecraft:bow":1,"minecraft:wooden_pickaxe":1},"minecraft:killed":{"minecraft:spider":10,"minecraft:skeleton":61,"mowziesmobs:foliaath":1,"minecraft:zombie_villager":1,"minecraft:bat":1,"minecraft:zombie":51,"minecraft:cow":1,"minecraft:enderman":1},"minecraft:broken":{"simplyswords:gold_halberd":1,"minecraft:iron_boots":1,"minecraft:iron_sword":1,"minecraft:iron_pickaxe":4,"minecraft:iron_helmet":1},"minecraft:mined":{"mysticalagriculture:prosperity_ore":32,"minecraft:large_amethyst_bud":1,"minecraft:tuff":30,"minecraft:deepslate_diamond_ore":27,"minecraft:granite":5,"minecraft:grass_block":2,"minecraft:redstone_wire":4,"mysticalagriculture:inferium_ore":38,"minecraft:spawner":5,"minecraft:redstone_ore":6,"minecraft:iron_ore":120,"minecraft:cobbled_deepslate":1,"minecraft:barrel":1,"minecraft:andesite":41,"minecraft:stripped_spruce_log":4,"evilcraft:dark_ore":3,"minecraft:deepslate_lapis_ore":12,"minecraft:brown_bed":4,"minecraft:deepslate_iron_ore":48,"pineapple_delight:pineapple_wild_crop":2,"minecraft:stone":195,"minecraft:amethyst_cluster":4,"minecraft:crafting_table":1,"minecraft:torch":5,"minecraft:chest":2,"minecraft:rose_bush":1,"minecraft:cobblestone":53,"minecraft:deepslate_coal_ore":2,"minecraft:lapis_ore":5,"minecraft:deepslate_gold_ore":9,"minecraft:oak_planks":8,"minecraft:diorite":10,"minecraft:wall_torch":6,"evilcraft:dark_ore_deepslate":33,"minecraft:tnt":1,"minecraft:stone_brick_stairs":1,"minecraft:grass":1,"minecraft:coal_ore":88,"croptopia:cinnamon_leaves":1,"evilcraft:blood_stain":1,"minecraft:gravel":1,"minecraft:dirt":16,"mysticalagriculture:deepslate_prosperity_ore":83,"minecraft:stone_bricks":3,"minecraft:mossy_stone_bricks":3,"minecraft:oak_leaves":5,"mysticalagriculture:deepslate_inferium_ore":6,"minecraft:deepslate":115},"minecraft:crafted":{"simplyswords:iron_katana":1,"minecraft:cooked_mutton":4,"minecraft:iron_boots":2,"minecraft:minecart":1,"minecraft:cooked_porkchop":2,"minecraft:crafting_table":2,"minecraft:spruce_planks":16,"minecraft:iron_helmet":1,"minecraft:iron_sword":1,"minecraft:bucket":1,"minecraft:bread":16,"minecraft:air":0,"minecraft:iron_chestplate":3,"minecraft:stick":32,"minecraft:iron_ingot":56,"minecraft:iron_pickaxe":4,"minecraft:iron_leggings":3,"minecraft:torch":28,"minecraft:lapis_block":12},"minecraft:custom":{"minecraft:interact_with_smithing_table":3,"minecraft:mob_kills":133,"minecraft:interact_with_anvil":1,"minecraft:interact_with_crafting_table":19,"minecraft:open_barrel":106,"minecraft:time_since_death":71418,"minecraft:climb_one_cm":5638,"minecraft:sprint_one_cm":557268,"minecraft:walk_one_cm":453076,"minecraft:damage_blocked_by_shield":1174,"minecraft:drop":52,"minecraft:play_time":305431,"minecraft:deaths":2,"minecraft:sneak_time":12688,"minecraft:walk_under_water_one_cm":7582,"minecraft:jump":4099,"minecraft:interact_with_brewingstand":1,"minecraft:walk_on_water_one_cm":17285,"minecraft:total_world_time":305431,"minecraft:interact_with_furnace":20,"minecraft:sleep_in_bed":7,"minecraft:time_since_rest":12036,"minecraft:damage_taken":5862,"minecraft:trigger_trapped_chest":1,"minecraft:damage_dealt":24298,"minecraft:swim_one_cm":19144,"minecraft:fly_one_cm":741266,"minecraft:open_chest":110,"minecraft:crouch_one_cm":27286,"tombstone:undead_killed":113,"minecraft:interact_with_smoker":1,"minecraft:fall_one_cm":107274},"minecraft:killed_by":{"minecraft:skeleton":2},"minecraft:picked_up":{"minecraft:crafting_table":1,"minecraft:wheat":4,"minecraft:wooden_pickaxe":1,"minecraft:brown_bed":4,"minecraft:enchanted_book":2,"minecraft:stone_brick_stairs":1,"minecraft:string":15,"minecraft:raw_copper":8,"minecraft:wooden_sword":1,"minecraft:iron_shovel":1,"croptopia:pear":6,"mysticalagriculture:inferium_essence":150,"minecraft:cobbled_deepslate":108,"minecraft:beef":2,"minecraft:rose_bush":1,"minecraft:iron_pickaxe":1,"minecraft:chest":2,"minecraft:raw_iron":168,"minecraft:torch":25,"mysticalagriculture:prosperity_shard":278,"minecraft:golden_axe":1,"tombstone:grave_dust":11,"minecraft:diorite":10,"minecraft:redstone":32,"croptopia:date":3,"minecraft:tnt":2,"minecraft:arrow":62,"minecraft:rotten_flesh":33,"minecraft:bone_block":5,"minecraft:cobblestone":252,"minecraft:andesite":42,"minecraft:leather":2,"minecraft:tuff":31,"minecraft:gunpowder":2,"minecraft:paper":4,"minecraft:lapis_lazuli":109,"minecraft:dirt":19,"minecraft:bone":61,"minecraft:stone_bricks":3,"minecraft:bow":1,"minecraft:raw_gold":9,"minecraft:mossy_stone_bricks":3,"minecraft:oak_planks":8,"minecraft:gravel":4,"minecraft:amethyst_shard":16,"minecraft:stripped_spruce_log":4,"minecraft:barrel":1,"minecraft:spider_eye":5,"minecraft:bundle":1,"croptopia:lemon":4,"minecraft:diamond":27,"minecraft:chainmail_leggings":1,"minecraft:iron_helmet":1,"evilcraft:dark_gem":156,"croptopia:orange":3,"minecraft:granite":4,"minecraft:coal":90,"tombstone:magic_scroll":7,"pineapple_delight:pineapple_crop":2}},"DataVersion":3465}