{"stats":{"minecraft:mined":{"minecraft:large_amethyst_bud":1,"minecraft:spruce_planks":1,"minecraft:jungle_leaves":1,"minecraft:granite":25,"minecraft:grass_block":47,"minecraft:jungle_log":73,"mysticalagriculture:inferium_ore":48,"minecraft:spawner":7,"minecraft:iron_ore":121,"minecraft:cobbled_deepslate":2,"minecraft:barrel":2,"minecraft:deepslate_lapis_ore":13,"minecraft:brown_bed":5,"minecraft:iron_block":1,"minecraft:spruce_slab":1,"minecraft:amethyst_cluster":4,"minecraft:torch":13,"minecraft:chest":2,"minecraft:cobblestone":75,"minecraft:cyan_bed":2,"minecraft:oak_planks":8,"minecraft:iron_door":1,"minecraft:wall_torch":25,"minecraft:skeleton_skull":2,"ecologics:seashell":1,"evilcraft:dark_ore_deepslate":33,"minecraft:tnt":1,"minecraft:stone_brick_stairs":1,"minecraft:grass":39,"minecraft:oak_log":8,"croptopia:cinnamon_leaves":1,"minecraft:sand":59,"minecraft:dirt":200,"mysticalagriculture:deepslate_prosperity_ore":83,"minecraft:oak_leaves":7,"mysticalagriculture:deepslate_inferium_ore":6,"minecraft:deepslate":163,"mysticalagriculture:prosperity_ore":32,"minecraft:tuff":51,"minecraft:mossy_cobblestone":4,"minecraft:deepslate_diamond_ore":35,"minecraft:jungle_planks":5,"minecraft:redstone_wire":4,"minecraft:spruce_leaves":20,"minecraft:hay_block":77,"minecraft:redstone_ore":6,"minecraft:furnace":1,"minecraft:andesite":65,"minecraft:stripped_spruce_log":4,"evilcraft:dark_ore":9,"pineapple_delight:pineapple_wild_crop":2,"minecraft:deepslate_iron_ore":48,"minecraft:vine":7,"minecraft:stone":1041,"minecraft:smithing_table":2,"minecraft:crafting_table":3,"minecraft:rose_bush":1,"minecraft:copper_ore":4,"minecraft:deepslate_coal_ore":2,"minecraft:lapis_ore":5,"minecraft:deepslate_gold_ore":15,"minecraft:diorite":31,"minecraft:birch_leaves":1,"minecraft:coal_ore":98,"evilcraft:blood_stain":1,"minecraft:gravel":2,"minecraft:cobweb":7,"minecraft:stone_bricks":3,"minecraft:mossy_stone_bricks":3,"minecraft:gold_ore":6,"minecraft:fern":11},"minecraft:picked_up":{"minecraft:iron_chestplate":1,"minecraft:wheat":168,"croptopia:grape_seed":2,"minecraft:smithing_table":2,"minecraft:brown_bed":5,"minecraft:enchanted_book":3,"minecraft:stone_brick_stairs":1,"minecraft:string":28,"minecraft:raw_copper":22,"minecraft:experience_bottle":1,"mysticalagriculture:inferium_essence":181,"minecraft:cobbled_deepslate":162,"minecraft:spruce_planks":3,"minecraft:rose_bush":1,"minecraft:iron_pickaxe":1,"delightful:green_tea_leaf":1,"farmersdelight:cabbage_seeds":4,"minecraft:furnace":1,"minecraft:tipped_arrow":5,"minecraft:stick":60,"minecraft:torch":118,"mysticalagriculture:prosperity_shard":278,"minecraft:golden_axe":1,"tombstone:grave_dust":12,"minecraft:diorite":10,"croptopia:date":3,"evilcraft:box_of_eternal_closure":1,"minecraft:rotten_flesh":39,"croptopia:persimmon":3,"minecraft:iron_block":1,"minecraft:cobblestone":1291,"farmersdelight:rice":4,"minecraft:iron_door":1,"minecraft:andesite":69,"croptopia:nectarine":5,"minecraft:jungle_log":149,"minecraft:potato":1,"croptopia:mango":2,"minecraft:tuff":52,"minecraft:dirt":253,"minecraft:lapis_lazuli":136,"minecraft:lantern":1,"minecraft:bone":63,"minecraft:bow":1,"minecraft:wheat_seeds":4,"minecraft:raw_gold":21,"minecraft:mossy_stone_bricks":3,"minecraft:oak_planks":8,"croptopia:lime":2,"croptopia:plum":16,"minecraft:jungle_planks":5,"minecraft:sand":56,"minecraft:stripped_spruce_log":4,"minecraft:cyan_bed":2,"minecraft:barrel":2,"minecraft:mossy_cobblestone":4,"croptopia:cherry":5,"minecraft:bundle":1,"minecraft:diamond":35,"minecraft:granite":44,"minecraft:bread":4,"minecraft:emerald":1,"minecraft:crafting_table":3,"collectorsreap:lime":2,"minecraft:chicken":1,"minecraft:chest_minecart":1,"ecologics:seashell":1,"minecraft:wooden_pickaxe":1,"minecraft:wooden_sword":1,"minecraft:item_frame":1,"minecraft:iron_shovel":1,"croptopia:pear":6,"minecraft:detector_rail":1,"minecraft:beef":28,"minecraft:jungle_sapling":3,"croptopia:coconut":1,"minecraft:spruce_slab":1,"minecraft:chest":2,"minecraft:egg":6,"minecraft:raw_iron":169,"ecologics:coconut_slice":10,"evilcraft:origins_of_darkness":1,"minecraft:redstone":32,"minecraft:stone_pressure_plate":2,"croptopia:grape":1,"minecraft:tnt":2,"minecraft:arrow":66,"minecraft:hay_block":77,"minecraft:gold_ingot":2,"minecraft:glow_berries":6,"minecraft:bone_block":5,"minecraft:skeleton_skull":2,"simplyswords:iron_katana":3,"minecraft:leather":16,"minecraft:oak_log":11,"minecraft:gunpowder":2,"minecraft:paper":4,"minecraft:stone_bricks":3,"minecraft:iron_ingot":10,"minecraft:iron_sword":1,"croptopia:apricot":12,"croptopia:starfruit":3,"minecraft:gravel":5,"minecraft:amethyst_shard":16,"minecraft:spruce_sapling":3,"minecraft:spider_eye":6,"croptopia:lemon":5,"minecraft:iron_helmet":2,"evilcraft:dark_gem":184,"minecraft:chainmail_leggings":1,"croptopia:orange":14,"minecraft:melon_seeds":4,"tombstone:magic_scroll":7,"pineapple_delight:pineapple_crop":2,"minecraft:coal":100},"minecraft:used":{"minecraft:iron_shovel":195,"minecraft:chest":4,"minecraft:shield":33,"minecraft:stone":2,"minecraft:iron_sword":277,"minecraft:jungle_planks":149,"collectorsreap:lime":2,"minecraft:lantern":1,"minecraft:stone_brick_stairs":1,"minecraft:item_frame":1,"croptopia:lime":2,"minecraft:furnace":4,"croptopia:mango":2,"minecraft:skeleton_skull":2,"minecraft:egg":1,"minecraft:potato":1,"croptopia:pear":6,"croptopia:coconut":1,"simplyswords:gold_halberd":32,"minecraft:stone_pickaxe":97,"minecraft:wooden_pickaxe":4,"minecraft:white_wool":3,"minecraft:golden_apple":2,"minecraft:crossbow":2,"croptopia:orange":14,"croptopia:plum":16,"croptopia:nectarine":5,"minecraft:bread":122,"minecraft:cyan_bed":2,"minecraft:iron_door":1,"minecraft:gravel":1,"ecologics:coconut_slice":6,"minecraft:wooden_sword":14,"minecraft:smithing_table":2,"minecraft:andesite":2,"minecraft:chest_minecart":1,"minecraft:experience_bottle":8,"minecraft:oak_trapdoor":2,"minecraft:redstone":4,"croptopia:starfruit":3,"minecraft:torch":110,"minecraft:dirt":30,"croptopia:date":3,"simplyswords:iron_katana":243,"ecologics:seashell":1,"minecraft:jungle_trapdoor":2,"minecraft:iron_axe":81,"minecraft:barrel":2,"croptopia:persimmon":3,"minecraft:beef":1,"minecraft:goat_horn":1,"tombstone:gift":4,"minecraft:stone_pressure_plate":1,"minecraft:cooked_beef":10,"minecraft:cobbled_deepslate":89,"minecraft:brown_bed":5,"croptopia:grape":1,"minecraft:cooked_mutton":4,"minecraft:water_bucket":15,"farmersdelight:skillet":15,"croptopia:lemon":5,"croptopia:apricot":12,"minecraft:mossy_cobblestone":4,"minecraft:crafting_table":8,"croptopia:cherry":5,"minecraft:cod":5,"minecraft:chicken":1,"minecraft:iron_pickaxe":1978,"minecraft:cobblestone":271,"travelersbackpack:standard":11,"minecraft:cooked_porkchop":2,"minecraft:bucket":16},"minecraft:broken":{"simplyswords:gold_halberd":1,"minecraft:iron_boots":2,"simplyswords:iron_katana":1,"minecraft:iron_sword":1,"minecraft:iron_pickaxe":8,"minecraft:iron_helmet":2},"minecraft:killed_by":{"minecraft:zombie":1,"minecraft:skeleton":2},"minecraft:custom":{"minecraft:animals_bred":1,"minecraft:interact_with_crafting_table":54,"minecraft:open_barrel":207,"minecraft:leave_game":2,"minecraft:time_since_death":154671,"minecraft:sprint_one_cm":1211730,"minecraft:damage_blocked_by_shield":1174,"minecraft:drop":94,"minecraft:talked_to_villager":2,"minecraft:play_time":821830,"minecraft:deaths":4,"minecraft:jump":7054,"minecraft:interact_with_brewingstand":2,"minecraft:walk_on_water_one_cm":66404,"minecraft:interact_with_furnace":82,"minecraft:sleep_in_bed":10,"minecraft:waystone_activated":2,"minecraft:damage_dealt":30613,"minecraft:crouch_one_cm":40318,"tombstone:undead_killed":133,"minecraft:interact_with_smoker":4,"minecraft:interact_with_smithing_table":16,"minecraft:mob_kills":175,"minecraft:interact_with_anvil":2,"minecraft:climb_one_cm":28497,"minecraft:walk_one_cm":987138,"minecraft:sneak_time":19460,"minecraft:walk_under_water_one_cm":39503,"minecraft:interact_with_blast_furnace":1,"minecraft:total_world_time":821830,"minecraft:time_since_rest":51609,"minecraft:damage_taken":8255,"minecraft:damage_absorbed":20,"minecraft:trigger_trapped_chest":1,"minecraft:swim_one_cm":147719,"minecraft:fly_one_cm":1140122,"minecraft:open_chest":209,"minecraft:fall_one_cm":160908},"minecraft:crafted":{"minecraft:oak_planks":36,"travelersbackpack:crafting_upgrade":2,"simplyswords:iron_katana":1,"minecraft:stone":32,"minecraft:cooked_mutton":4,"minecraft:glass":36,"minecraft:iron_boots":2,"minecraft:chest":5,"travelersbackpack:iron_tier_upgrade":2,"minecraft:cooked_porkchop":2,"minecraft:crafting_table":7,"minecraft:spruce_planks":16,"minecraft:wooden_pickaxe":1,"travelersbackpack:standard":7,"minecraft:iron_helmet":1,"minecraft:smithing_table":1,"minecraft:hay_block":30,"travelersbackpack:blue_sleeping_bag":1,"minecraft:iron_chestplate":3,"minecraft:stick":52,"minecraft:iron_ingot":123,"minecraft:iron_pickaxe":6,"minecraft:iron_block":15,"minecraft:gold_ingot":21,"minecraft:furnace":3,"minecraft:jungle_trapdoor":2,"travelersbackpack:blank_upgrade":8,"travelersbackpack:gold_tier_upgrade":2,"minecraft:oak_trapdoor":2,"travelersbackpack:white_sleeping_bag":1,"minecraft:iron_axe":1,"minecraft:stone_pickaxe":1,"minecraft:dark_oak_planks":44,"travelersbackpack:diamond_tier_upgrade":2,"minecraft:minecart":1,"minecraft:wheat":254,"minecraft:cooked_beef":7,"travelersbackpack:backpack_tank":6,"minecraft:iron_sword":1,"minecraft:bucket":1,"minecraft:bread":79,"minecraft:air":0,"minecraft:jungle_planks":212,"minecraft:blue_dye":1,"minecraft:white_wool":3,"minecraft:iron_shovel":1,"minecraft:iron_leggings":3,"minecraft:torch":80,"minecraft:lapis_block":12},"minecraft:dropped":{"minecraft:lapis_lazuli":18,"minecraft:oak_log":2,"minecraft:iron_horse_armor":1,"minecraft:dirt":20,"minecraft:yellow_dye":1,"minecraft:wooden_sword":1,"minecraft:bone_meal":26,"minecraft:iron_pickaxe":2,"minecraft:gold_ingot":3,"simplyswords:iron_katana":3,"minecraft:cobbled_deepslate":1,"minecraft:wheat":9,"minecraft:rotten_flesh":22,"minecraft:tipped_arrow":5,"mysticalagriculture:inferium_essence":9,"pineapple_delight:pineapple_crop":2,"minecraft:enchanted_book":1,"minecraft:iron_ingot":3,"minecraft:bread":44,"minecraft:tnt":2,"farmersdelight:skillet":1,"minecraft:golden_horse_armor":1,"minecraft:golden_axe":1,"minecraft:iron_helmet":2,"minecraft:cobblestone":316,"minecraft:granite":44,"minecraft:stick":60,"minecraft:diorite":10,"croptopia:grape_seed":2,"minecraft:torch":10,"minecraft:green_dye":1,"mysticalagriculture:prosperity_shard":25,"minecraft:chainmail_leggings":1,"minecraft:iron_shovel":1,"minecraft:paper":4,"minecraft:string":8,"minecraft:spruce_sapling":2,"minecraft:redstone":5,"minecraft:raw_copper":8,"minecraft:tuff":14,"farmersdelight:cabbage_seeds":5,"collectorsreap:lime":1,"minecraft:andesite":65,"minecraft:stone_pressure_plate":1,"minecraft:spider_eye":1,"minecraft:bow":1,"minecraft:stone_pickaxe":1,"minecraft:wooden_pickaxe":1},"minecraft:killed":{"minecraft:cave_spider":2,"minecraft:spider":14,"creeperoverhaul:bamboo_creeper":1,"minecraft:skeleton":66,"mowziesmobs:foliaath":1,"minecraft:zombie_villager":2,"minecraft:zombie":65,"minecraft:cow":13,"minecraft:bat":1,"minecraft:enderman":1}},"DataVersion":3465}