{"stats":{"minecraft:killed":{"minecraft:skeleton":3,"minecraft:zombie":2,"mowziesmobs:foliaath":1,"minecraft:cow":1},"minecraft:mined":{"minecraft:crafting_table":1,"minecraft:torch":1,"minecraft:grass_block":2,"minecraft:rose_bush":1,"minecraft:redstone_wire":4,"minecraft:cobblestone":2,"minecraft:lapis_ore":2,"minecraft:oak_planks":4,"minecraft:wall_torch":1,"minecraft:iron_ore":9,"minecraft:stone_brick_stairs":1,"minecraft:brown_bed":1,"minecraft:grass":1,"croptopia:cinnamon_leaves":1,"pineapple_delight:pineapple_wild_crop":2,"minecraft:gravel":1,"minecraft:dirt":2,"minecraft:stone":27,"minecraft:oak_leaves":5},"minecraft:crafted":{"minecraft:cooked_porkchop":2,"minecraft:crafting_table":1,"minecraft:iron_sword":1,"minecraft:bucket":1,"minecraft:cooked_mutton":4,"minecraft:bread":15,"minecraft:air":0,"minecraft:iron_boots":1,"minecraft:iron_chestplate":1,"minecraft:iron_ingot":13,"minecraft:iron_leggings":1,"minecraft:torch":28,"minecraft:minecart":1},"minecraft:picked_up":{"minecraft:crafting_table":1,"minecraft:leather":2,"minecraft:wooden_pickaxe":1,"minecraft:brown_bed":1,"minecraft:stone_brick_stairs":1,"minecraft:lapis_lazuli":8,"minecraft:dirt":4,"minecraft:wooden_sword":1,"minecraft:bone":4,"croptopia:pear":6,"minecraft:beef":2,"minecraft:rose_bush":1,"minecraft:iron_pickaxe":1,"minecraft:oak_planks":4,"minecraft:raw_iron":9,"minecraft:torch":2,"minecraft:redstone":4,"croptopia:date":3,"croptopia:lemon":4,"minecraft:rotten_flesh":1,"minecraft:arrow":4,"croptopia:orange":3,"minecraft:iron_helmet":1,"pineapple_delight:pineapple_crop":2,"minecraft:bone_block":5,"minecraft:cobblestone":28},"minecraft:used":{"croptopia:lemon":4,"minecraft:redstone":4,"minecraft:shield":10,"minecraft:iron_sword":13,"minecraft:white_wool":3,"minecraft:torch":5,"minecraft:dirt":4,"croptopia:date":3,"minecraft:crafting_table":2,"croptopia:orange":3,"minecraft:bread":13,"minecraft:iron_pickaxe":41,"minecraft:stone_brick_stairs":1,"minecraft:wooden_sword":14,"minecraft:cobblestone":14,"minecraft:cooked_porkchop":1,"croptopia:pear":6,"minecraft:experience_bottle":7},"minecraft:custom":{"minecraft:interact_with_furnace":8,"minecraft:mob_kills":7,"minecraft:interact_with_anvil":1,"minecraft:interact_with_crafting_table":5,"minecraft:open_barrel":3,"minecraft:time_since_death":76542,"minecraft:climb_one_cm":5638,"minecraft:time_since_rest":76542,"minecraft:sprint_one_cm":105775,"minecraft:damage_taken":741,"minecraft:walk_one_cm":97150,"minecraft:damage_blocked_by_shield":459,"minecraft:drop":12,"minecraft:damage_dealt":1099,"minecraft:swim_one_cm":16484,"minecraft:fly_one_cm":153986,"minecraft:open_chest":17,"minecraft:crouch_one_cm":5066,"minecraft:play_time":76542,"tombstone:undead_killed":5,"minecraft:sneak_time":2185,"minecraft:walk_under_water_one_cm":1544,"minecraft:jump":762,"minecraft:walk_on_water_one_cm":2425,"minecraft:total_world_time":76542,"minecraft:fall_one_cm":19927},"minecraft:dropped":{"minecraft:bread":40,"minecraft:iron_helmet":2,"minecraft:cobblestone":1,"minecraft:yellow_dye":1,"minecraft:green_dye":1,"pineapple_delight:pineapple_crop":2,"minecraft:wooden_sword":1,"minecraft:wooden_pickaxe":1,"minecraft:iron_pickaxe":2}},"DataVersion":3465}