{"stats":{"minecraft:used":{"minecraft:redstone":4,"minecraft:chest":2,"minecraft:shield":33,"minecraft:iron_sword":250,"minecraft:torch":65,"minecraft:dirt":5,"croptopia:date":3,"simplyswords:iron_katana":186,"collectorsreap:lime":2,"minecraft:stone_brick_stairs":1,"minecraft:barrel":1,"minecraft:goat_horn":1,"tombstone:gift":4,"minecraft:potato":1,"minecraft:cobbled_deepslate":88,"minecraft:brown_bed":4,"croptopia:pear":6,"minecraft:cooked_mutton":4,"minecraft:water_bucket":10,"simplyswords:gold_halberd":32,"farmersdelight:skillet":15,"croptopia:lemon":4,"minecraft:white_wool":3,"minecraft:golden_apple":2,"minecraft:crafting_table":3,"minecraft:crossbow":2,"minecraft:cod":5,"croptopia:orange":3,"minecraft:bread":103,"minecraft:iron_pickaxe":1237,"minecraft:iron_door":1,"minecraft:wooden_sword":14,"minecraft:cobblestone":196,"travelersbackpack:standard":1,"minecraft:cooked_porkchop":2,"minecraft:andesite":2,"minecraft:bucket":11,"minecraft:chest_minecart":1,"minecraft:experience_bottle":7},"minecraft:dropped":{"minecraft:enchanted_book":1,"minecraft:bread":40,"farmersdelight:skillet":1,"minecraft:tnt":2,"minecraft:golden_horse_armor":1,"minecraft:golden_axe":1,"minecraft:iron_helmet":2,"minecraft:cobblestone":1,"minecraft:granite":4,"minecraft:iron_horse_armor":1,"minecraft:diorite":10,"minecraft:torch":10,"minecraft:yellow_dye":1,"minecraft:green_dye":1,"minecraft:wooden_sword":1,"mysticalagriculture:prosperity_shard":14,"minecraft:bone_meal":26,"minecraft:iron_pickaxe":2,"minecraft:iron_shovel":1,"minecraft:chainmail_leggings":1,"minecraft:paper":4,"minecraft:spruce_sapling":2,"minecraft:gold_ingot":3,"minecraft:redstone":5,"minecraft:cobbled_deepslate":1,"minecraft:raw_copper":8,"minecraft:tuff":4,"minecraft:wheat":9,"farmersdelight:cabbage_seeds":5,"minecraft:rotten_flesh":8,"collectorsreap:lime":1,"mysticalagriculture:inferium_essence":7,"minecraft:andesite":40,"pineapple_delight:pineapple_crop":2,"minecraft:bow":1,"minecraft:wooden_pickaxe":1},"minecraft:broken":{"simplyswords:gold_halberd":1,"minecraft:iron_boots":1,"minecraft:iron_sword":1,"minecraft:iron_pickaxe":5,"minecraft:iron_helmet":1},"minecraft:killed":{"minecraft:cave_spider":2,"minecraft:spider":10,"minecraft:skeleton":62,"mowziesmobs:foliaath":1,"minecraft:zombie_villager":2,"minecraft:bat":1,"minecraft:zombie":57,"minecraft:cow":1,"minecraft:enderman":1},"minecraft:mined":{"mysticalagriculture:prosperity_ore":32,"minecraft:large_amethyst_bud":1,"minecraft:tuff":51,"minecraft:spruce_planks":1,"minecraft:deepslate_diamond_ore":35,"minecraft:granite":24,"minecraft:grass_block":2,"minecraft:redstone_wire":4,"minecraft:spruce_leaves":20,"mysticalagriculture:inferium_ore":38,"minecraft:spawner":7,"minecraft:redstone_ore":6,"minecraft:iron_ore":120,"minecraft:cobbled_deepslate":2,"minecraft:barrel":1,"minecraft:andesite":41,"minecraft:stripped_spruce_log":4,"evilcraft:dark_ore":9,"minecraft:deepslate_lapis_ore":13,"minecraft:brown_bed":4,"minecraft:vine":5,"minecraft:deepslate_iron_ore":48,"pineapple_delight:pineapple_wild_crop":2,"minecraft:stone":290,"minecraft:spruce_slab":1,"minecraft:amethyst_cluster":4,"minecraft:crafting_table":1,"minecraft:torch":5,"minecraft:chest":2,"minecraft:rose_bush":1,"minecraft:cobblestone":66,"minecraft:deepslate_coal_ore":2,"minecraft:lapis_ore":5,"minecraft:deepslate_gold_ore":9,"minecraft:oak_planks":8,"minecraft:iron_door":1,"minecraft:diorite":31,"minecraft:wall_torch":6,"evilcraft:dark_ore_deepslate":33,"minecraft:tnt":1,"minecraft:stone_brick_stairs":1,"minecraft:grass":1,"minecraft:oak_log":2,"minecraft:coal_ore":88,"croptopia:cinnamon_leaves":1,"evilcraft:blood_stain":1,"minecraft:gravel":1,"minecraft:dirt":22,"minecraft:cobweb":7,"mysticalagriculture:deepslate_prosperity_ore":83,"minecraft:stone_bricks":3,"minecraft:mossy_stone_bricks":3,"minecraft:oak_leaves":5,"mysticalagriculture:deepslate_inferium_ore":6,"minecraft:deepslate":161},"minecraft:crafted":{"simplyswords:iron_katana":1,"minecraft:cooked_mutton":4,"minecraft:iron_boots":2,"minecraft:minecart":1,"minecraft:cooked_porkchop":2,"minecraft:crafting_table":2,"minecraft:spruce_planks":16,"minecraft:iron_helmet":1,"minecraft:iron_sword":1,"minecraft:bucket":1,"minecraft:bread":16,"minecraft:air":0,"minecraft:iron_chestplate":3,"minecraft:stick":32,"minecraft:iron_ingot":56,"minecraft:iron_pickaxe":4,"minecraft:iron_leggings":3,"minecraft:torch":76,"minecraft:lapis_block":12},"minecraft:custom":{"minecraft:interact_with_smithing_table":3,"minecraft:mob_kills":143,"minecraft:interact_with_anvil":2,"minecraft:interact_with_crafting_table":19,"minecraft:open_barrel":109,"minecraft:time_since_death":23383,"minecraft:climb_one_cm":18648,"minecraft:sprint_one_cm":650659,"minecraft:walk_one_cm":524684,"minecraft:damage_blocked_by_shield":1174,"minecraft:drop":56,"minecraft:play_time":353431,"minecraft:deaths":3,"minecraft:sneak_time":14879,"minecraft:walk_under_water_one_cm":12409,"minecraft:jump":4619,"minecraft:interact_with_brewingstand":1,"minecraft:walk_on_water_one_cm":38672,"minecraft:total_world_time":353431,"minecraft:interact_with_furnace":24,"minecraft:sleep_in_bed":7,"minecraft:time_since_rest":21615,"minecraft:damage_taken":6505,"minecraft:damage_absorbed":20,"minecraft:trigger_trapped_chest":1,"minecraft:damage_dealt":26089,"minecraft:swim_one_cm":45033,"minecraft:fly_one_cm":778276,"minecraft:open_chest":111,"minecraft:crouch_one_cm":33597,"tombstone:undead_killed":121,"minecraft:interact_with_smoker":1,"minecraft:fall_one_cm":115511},"minecraft:killed_by":{"minecraft:skeleton":2},"minecraft:picked_up":{"minecraft:crafting_table":1,"minecraft:wheat":4,"minecraft:chicken":1,"collectorsreap:lime":2,"minecraft:chest_minecart":1,"minecraft:wooden_pickaxe":1,"minecraft:brown_bed":4,"minecraft:enchanted_book":3,"minecraft:stone_brick_stairs":1,"minecraft:string":22,"minecraft:raw_copper":8,"minecraft:wooden_sword":1,"minecraft:iron_shovel":1,"croptopia:pear":6,"minecraft:detector_rail":1,"mysticalagriculture:inferium_essence":150,"minecraft:cobbled_deepslate":160,"minecraft:spruce_planks":3,"minecraft:beef":2,"minecraft:rose_bush":1,"minecraft:iron_pickaxe":1,"minecraft:spruce_slab":1,"minecraft:chest":2,"farmersdelight:cabbage_seeds":4,"minecraft:raw_iron":168,"evilcraft:origins_of_darkness":1,"minecraft:torch":42,"mysticalagriculture:prosperity_shard":278,"minecraft:golden_axe":1,"tombstone:grave_dust":11,"minecraft:diorite":10,"minecraft:redstone":32,"croptopia:date":3,"evilcraft:box_of_eternal_closure":1,"minecraft:tnt":2,"minecraft:arrow":62,"minecraft:rotten_flesh":35,"minecraft:glow_berries":6,"minecraft:bone_block":5,"minecraft:cobblestone":326,"farmersdelight:rice":4,"minecraft:iron_door":1,"minecraft:andesite":42,"minecraft:leather":2,"minecraft:potato":1,"minecraft:tuff":52,"minecraft:oak_log":3,"minecraft:gunpowder":2,"minecraft:paper":4,"minecraft:lapis_lazuli":118,"minecraft:dirt":19,"minecraft:bone":61,"minecraft:stone_bricks":3,"minecraft:bow":1,"minecraft:raw_gold":9,"minecraft:iron_ingot":5,"minecraft:mossy_stone_bricks":3,"minecraft:oak_planks":8,"minecraft:gravel":4,"minecraft:amethyst_shard":16,"minecraft:spruce_sapling":3,"minecraft:stripped_spruce_log":4,"minecraft:barrel":1,"minecraft:spider_eye":5,"minecraft:bundle":1,"croptopia:lemon":4,"minecraft:diamond":35,"minecraft:chainmail_leggings":1,"minecraft:iron_helmet":2,"evilcraft:dark_gem":184,"croptopia:orange":3,"minecraft:granite":23,"minecraft:melon_seeds":4,"minecraft:coal":90,"tombstone:magic_scroll":7,"pineapple_delight:pineapple_crop":2}},"DataVersion":3465}