{"stats":{"minecraft:used":{"minecraft:redstone":4,"croptopia:starfruit":3,"minecraft:chest":2,"minecraft:shield":33,"minecraft:iron_sword":250,"minecraft:torch":76,"minecraft:dirt":5,"croptopia:date":3,"simplyswords:iron_katana":235,"collectorsreap:lime":2,"minecraft:lantern":1,"minecraft:stone_brick_stairs":1,"minecraft:barrel":1,"minecraft:item_frame":1,"croptopia:persimmon":3,"minecraft:beef":1,"minecraft:furnace":1,"minecraft:goat_horn":1,"tombstone:gift":4,"minecraft:egg":1,"minecraft:stone_pressure_plate":1,"minecraft:cooked_beef":6,"minecraft:potato":1,"minecraft:cobbled_deepslate":89,"minecraft:brown_bed":4,"croptopia:pear":6,"minecraft:cooked_mutton":4,"minecraft:water_bucket":12,"simplyswords:gold_halberd":32,"farmersdelight:skillet":15,"croptopia:lemon":5,"croptopia:apricot":12,"minecraft:white_wool":3,"minecraft:golden_apple":2,"minecraft:crafting_table":5,"croptopia:cherry":4,"minecraft:crossbow":2,"minecraft:cod":5,"croptopia:orange":14,"croptopia:plum":11,"minecraft:chicken":1,"minecraft:bread":105,"minecraft:iron_pickaxe":1348,"minecraft:iron_door":1,"minecraft:wooden_sword":14,"minecraft:smithing_table":1,"minecraft:cobblestone":215,"travelersbackpack:standard":3,"minecraft:cooked_porkchop":2,"minecraft:andesite":2,"minecraft:bucket":13,"minecraft:chest_minecart":1,"minecraft:experience_bottle":8},"minecraft:dropped":{"minecraft:enchanted_book":1,"minecraft:iron_ingot":1,"minecraft:bread":44,"minecraft:lapis_lazuli":18,"minecraft:oak_log":2,"farmersdelight:skillet":1,"minecraft:tnt":2,"minecraft:golden_horse_armor":1,"minecraft:golden_axe":1,"minecraft:iron_helmet":2,"minecraft:cobblestone":316,"minecraft:granite":44,"minecraft:iron_horse_armor":1,"minecraft:stick":60,"minecraft:dirt":16,"minecraft:diorite":10,"minecraft:torch":10,"minecraft:yellow_dye":1,"minecraft:green_dye":1,"minecraft:wooden_sword":1,"mysticalagriculture:prosperity_shard":14,"minecraft:bone_meal":26,"minecraft:iron_pickaxe":2,"minecraft:iron_shovel":1,"minecraft:chainmail_leggings":1,"minecraft:paper":4,"minecraft:string":8,"minecraft:spruce_sapling":2,"minecraft:gold_ingot":3,"minecraft:redstone":5,"simplyswords:iron_katana":3,"minecraft:cobbled_deepslate":1,"minecraft:raw_copper":8,"minecraft:tuff":14,"minecraft:wheat":9,"farmersdelight:cabbage_seeds":5,"minecraft:rotten_flesh":8,"collectorsreap:lime":1,"mysticalagriculture:inferium_essence":9,"minecraft:andesite":40,"pineapple_delight:pineapple_crop":2,"minecraft:stone_pressure_plate":1,"minecraft:bow":1,"minecraft:wooden_pickaxe":1},"minecraft:broken":{"simplyswords:gold_halberd":1,"minecraft:iron_boots":1,"minecraft:iron_sword":1,"minecraft:iron_pickaxe":5,"minecraft:iron_helmet":2},"minecraft:killed":{"minecraft:cave_spider":2,"minecraft:spider":13,"minecraft:skeleton":63,"mowziesmobs:foliaath":1,"minecraft:zombie_villager":2,"minecraft:bat":1,"minecraft:zombie":60,"minecraft:cow":12,"minecraft:enderman":1},"minecraft:mined":{"mysticalagriculture:prosperity_ore":32,"minecraft:large_amethyst_bud":1,"minecraft:tuff":51,"minecraft:spruce_planks":1,"minecraft:deepslate_diamond_ore":35,"minecraft:granite":25,"minecraft:grass_block":2,"minecraft:redstone_wire":4,"minecraft:spruce_leaves":20,"mysticalagriculture:inferium_ore":38,"minecraft:spawner":7,"minecraft:hay_block":60,"minecraft:redstone_ore":6,"minecraft:furnace":1,"minecraft:iron_ore":120,"minecraft:cobbled_deepslate":2,"minecraft:barrel":1,"minecraft:andesite":50,"minecraft:stripped_spruce_log":4,"evilcraft:dark_ore":9,"minecraft:deepslate_lapis_ore":13,"minecraft:brown_bed":4,"minecraft:vine":5,"minecraft:deepslate_iron_ore":48,"pineapple_delight:pineapple_wild_crop":2,"minecraft:iron_block":1,"minecraft:stone":387,"minecraft:spruce_slab":1,"minecraft:amethyst_cluster":4,"minecraft:crafting_table":2,"minecraft:torch":8,"minecraft:chest":2,"minecraft:rose_bush":1,"minecraft:cobblestone":66,"minecraft:deepslate_coal_ore":2,"minecraft:lapis_ore":5,"minecraft:deepslate_gold_ore":9,"minecraft:oak_planks":8,"minecraft:iron_door":1,"minecraft:diorite":31,"minecraft:wall_torch":13,"evilcraft:dark_ore_deepslate":33,"minecraft:birch_leaves":1,"minecraft:tnt":1,"minecraft:stone_brick_stairs":1,"minecraft:grass":7,"minecraft:oak_log":2,"minecraft:coal_ore":90,"croptopia:cinnamon_leaves":1,"evilcraft:blood_stain":1,"minecraft:sand":16,"minecraft:gravel":1,"minecraft:dirt":26,"minecraft:cobweb":7,"mysticalagriculture:deepslate_prosperity_ore":83,"minecraft:stone_bricks":3,"minecraft:mossy_stone_bricks":3,"minecraft:oak_leaves":6,"mysticalagriculture:deepslate_inferium_ore":6,"minecraft:deepslate":161},"minecraft:crafted":{"minecraft:oak_planks":12,"travelersbackpack:crafting_upgrade":1,"simplyswords:iron_katana":1,"travelersbackpack:blank_upgrade":4,"minecraft:cooked_mutton":4,"minecraft:glass":12,"minecraft:iron_boots":2,"minecraft:chest":1,"minecraft:dark_oak_planks":8,"minecraft:wheat":254,"minecraft:minecart":1,"minecraft:cooked_beef":7,"travelersbackpack:iron_tier_upgrade":1,"minecraft:cooked_porkchop":2,"minecraft:crafting_table":4,"minecraft:spruce_planks":16,"travelersbackpack:standard":1,"travelersbackpack:backpack_tank":2,"minecraft:iron_helmet":1,"minecraft:iron_sword":1,"minecraft:smithing_table":1,"minecraft:bucket":1,"minecraft:hay_block":26,"minecraft:bread":79,"minecraft:air":0,"minecraft:iron_chestplate":3,"minecraft:stick":36,"minecraft:iron_ingot":65,"minecraft:iron_pickaxe":4,"minecraft:iron_leggings":3,"minecraft:torch":76,"minecraft:lapis_block":12},"minecraft:custom":{"minecraft:interact_with_smithing_table":9,"minecraft:mob_kills":163,"minecraft:interact_with_anvil":2,"minecraft:interact_with_crafting_table":32,"minecraft:open_barrel":111,"minecraft:time_since_death":125383,"minecraft:climb_one_cm":19451,"minecraft:sprint_one_cm":945834,"minecraft:walk_one_cm":685592,"minecraft:damage_blocked_by_shield":1174,"minecraft:drop":82,"minecraft:talked_to_villager":2,"minecraft:play_time":455431,"minecraft:deaths":3,"minecraft:sneak_time":15116,"minecraft:walk_under_water_one_cm":12835,"minecraft:jump":5625,"minecraft:interact_with_brewingstand":1,"minecraft:walk_on_water_one_cm":41451,"minecraft:total_world_time":455431,"minecraft:interact_with_furnace":49,"minecraft:sleep_in_bed":7,"minecraft:time_since_rest":123615,"minecraft:waystone_activated":1,"minecraft:damage_taken":6869,"minecraft:damage_absorbed":20,"minecraft:trigger_trapped_chest":1,"minecraft:damage_dealt":28423,"minecraft:swim_one_cm":56001,"minecraft:fly_one_cm":963535,"minecraft:open_chest":140,"minecraft:crouch_one_cm":34591,"tombstone:undead_killed":125,"minecraft:interact_with_smoker":4,"minecraft:fall_one_cm":136870},"minecraft:killed_by":{"minecraft:skeleton":2},"minecraft:picked_up":{"minecraft:crafting_table":2,"minecraft:wheat":168,"minecraft:chicken":1,"collectorsreap:lime":2,"minecraft:chest_minecart":1,"minecraft:wooden_pickaxe":1,"minecraft:brown_bed":4,"minecraft:enchanted_book":3,"minecraft:stone_brick_stairs":1,"minecraft:string":28,"minecraft:raw_copper":8,"minecraft:wooden_sword":1,"minecraft:item_frame":1,"minecraft:iron_shovel":1,"minecraft:experience_bottle":1,"croptopia:pear":6,"minecraft:detector_rail":1,"mysticalagriculture:inferium_essence":152,"minecraft:cobbled_deepslate":160,"minecraft:spruce_planks":3,"minecraft:beef":24,"minecraft:rose_bush":1,"minecraft:iron_pickaxe":1,"minecraft:spruce_slab":1,"minecraft:chest":2,"minecraft:furnace":1,"farmersdelight:cabbage_seeds":4,"minecraft:egg":1,"minecraft:stick":60,"minecraft:raw_iron":168,"evilcraft:origins_of_darkness":1,"minecraft:torch":52,"mysticalagriculture:prosperity_shard":278,"minecraft:golden_axe":1,"tombstone:grave_dust":12,"minecraft:diorite":10,"minecraft:redstone":32,"minecraft:stone_pressure_plate":2,"croptopia:date":3,"evilcraft:box_of_eternal_closure":1,"minecraft:tnt":2,"minecraft:arrow":64,"minecraft:rotten_flesh":37,"croptopia:persimmon":3,"minecraft:iron_block":1,"minecraft:hay_block":60,"minecraft:gold_ingot":2,"minecraft:glow_berries":6,"minecraft:bone_block":5,"minecraft:cobblestone":637,"simplyswords:iron_katana":3,"farmersdelight:rice":4,"minecraft:iron_door":1,"minecraft:andesite":42,"minecraft:leather":12,"minecraft:potato":1,"minecraft:tuff":52,"minecraft:oak_log":5,"minecraft:gunpowder":2,"minecraft:paper":4,"minecraft:lapis_lazuli":136,"minecraft:dirt":39,"minecraft:lantern":1,"minecraft:bone":61,"minecraft:stone_bricks":3,"minecraft:bow":1,"minecraft:raw_gold":9,"minecraft:iron_ingot":8,"minecraft:mossy_stone_bricks":3,"minecraft:iron_sword":1,"minecraft:oak_planks":8,"croptopia:apricot":12,"croptopia:plum":11,"croptopia:starfruit":3,"minecraft:gravel":4,"minecraft:sand":16,"minecraft:amethyst_shard":16,"minecraft:spruce_sapling":3,"minecraft:stripped_spruce_log":4,"minecraft:barrel":1,"minecraft:spider_eye":5,"croptopia:cherry":4,"minecraft:bundle":1,"croptopia:lemon":5,"minecraft:diamond":35,"minecraft:chainmail_leggings":1,"minecraft:iron_helmet":2,"evilcraft:dark_gem":184,"croptopia:orange":14,"minecraft:granite":44,"minecraft:bread":4,"minecraft:emerald":1,"minecraft:melon_seeds":4,"minecraft:coal":92,"tombstone:magic_scroll":7,"pineapple_delight:pineapple_crop":2}},"DataVersion":3465}