{"stats":{"minecraft:crafted":{"minecraft:iron_boots":1,"minecraft:iron_chestplate":1,"minecraft:iron_leggings":1,"minecraft:minecart":1},"minecraft:dropped":{"minecraft:bread":40,"minecraft:yellow_dye":1,"pineapple_delight:pineapple_crop":2,"minecraft:iron_helmet":2,"minecraft:wooden_pickaxe":1,"minecraft:iron_pickaxe":2},"minecraft:mined":{"minecraft:stone_brick_stairs":1,"minecraft:brown_bed":1,"minecraft:grass":1,"minecraft:grass_block":2,"croptopia:cinnamon_leaves":1,"pineapple_delight:pineapple_wild_crop":2,"minecraft:rose_bush":1,"minecraft:gravel":1,"minecraft:dirt":2,"minecraft:redstone_wire":4,"minecraft:oak_leaves":5},"minecraft:picked_up":{"minecraft:leather":2,"minecraft:wooden_pickaxe":1,"minecraft:brown_bed":1,"minecraft:stone_brick_stairs":1,"minecraft:redstone":4,"minecraft:dirt":4,"croptopia:date":3,"minecraft:arrow":1,"croptopia:lemon":4,"minecraft:bone":2,"croptopia:pear":6,"minecraft:iron_helmet":1,"croptopia:orange":3,"minecraft:beef":2,"minecraft:rose_bush":1,"minecraft:iron_pickaxe":1,"pineapple_delight:pineapple_crop":2,"minecraft:bone_block":5},"minecraft:used":{"croptopia:lemon":4,"minecraft:bread":12,"minecraft:redstone":4,"minecraft:iron_pickaxe":1,"minecraft:shield":7,"minecraft:stone_brick_stairs":1,"minecraft:white_wool":3,"minecraft:wooden_sword":14,"minecraft:dirt":4,"croptopia:date":3,"croptopia:orange":3,"croptopia:pear":6,"minecraft:experience_bottle":7},"minecraft:custom":{"minecraft:time_since_rest":46874,"minecraft:interact_with_furnace":2,"minecraft:sprint_one_cm":98395,"minecraft:damage_taken":660,"minecraft:walk_one_cm":82290,"minecraft:damage_blocked_by_shield":369,"minecraft:mob_kills":3,"minecraft:interact_with_anvil":1,"minecraft:drop":9,"minecraft:damage_dealt":456,"minecraft:swim_one_cm":16484,"minecraft:interact_with_crafting_table":1,"minecraft:fly_one_cm":146618,"minecraft:open_chest":14,"tombstone:undead_killed":1,"minecraft:crouch_one_cm":1869,"minecraft:play_time":46874,"minecraft:sneak_time":797,"minecraft:walk_under_water_one_cm":1544,"minecraft:jump":692,"minecraft:walk_on_water_one_cm":2425,"minecraft:time_since_death":46874,"minecraft:total_world_time":46874,"minecraft:climb_one_cm":5638,"minecraft:fall_one_cm":17823},"minecraft:killed":{"minecraft:skeleton":1,"mowziesmobs:foliaath":1,"minecraft:cow":1}},"DataVersion":3465}