{"stats":{"minecraft:mined":{"minecraft:oak_leaves":5},"minecraft:picked_up":{"croptopia:lemon":4,"croptopia:pear":6,"minecraft:leather":2,"croptopia:orange":3,"minecraft:beef":2},"minecraft:used":{"minecraft:wooden_sword":3,"croptopia:lemon":2,"minecraft:bread":1,"croptopia:pear":2,"croptopia:orange":3},"minecraft:custom":{"minecraft:time_since_rest":4874,"minecraft:play_time":4874,"minecraft:sprint_one_cm":19456,"minecraft:damage_taken":205,"minecraft:walk_one_cm":13546,"minecraft:sneak_time":8,"minecraft:walk_under_water_one_cm":140,"minecraft:mob_kills":1,"minecraft:jump":184,"minecraft:damage_dealt":90,"minecraft:time_since_death":4874,"minecraft:walk_on_water_one_cm":252,"minecraft:total_world_time":4874,"minecraft:swim_one_cm":308,"minecraft:fall_one_cm":5624,"minecraft:fly_one_cm":37367},"minecraft:killed":{"minecraft:cow":1}},"DataVersion":3465}