{"stats":{"minecraft:picked_up":{"minecraft:crafting_table":2,"minecraft:wheat":168,"minecraft:chicken":1,"collectorsreap:lime":2,"minecraft:chest_minecart":1,"minecraft:smithing_table":2,"minecraft:wooden_pickaxe":1,"minecraft:brown_bed":4,"minecraft:enchanted_book":3,"minecraft:stone_brick_stairs":1,"minecraft:string":28,"minecraft:raw_copper":8,"minecraft:wooden_sword":1,"minecraft:item_frame":1,"minecraft:iron_shovel":1,"minecraft:experience_bottle":1,"croptopia:pear":6,"mysticalagriculture:inferium_essence":152,"minecraft:cobbled_deepslate":162,"minecraft:detector_rail":1,"minecraft:spruce_planks":3,"minecraft:beef":28,"minecraft:rose_bush":1,"minecraft:iron_pickaxe":1,"minecraft:spruce_slab":1,"minecraft:chest":2,"farmersdelight:cabbage_seeds":4,"minecraft:furnace":1,"minecraft:egg":1,"minecraft:raw_iron":168,"minecraft:stick":60,"minecraft:torch":61,"evilcraft:origins_of_darkness":1,"mysticalagriculture:prosperity_shard":278,"minecraft:golden_axe":1,"tombstone:grave_dust":12,"minecraft:diorite":10,"minecraft:redstone":32,"minecraft:stone_pressure_plate":2,"croptopia:date":3,"minecraft:tnt":2,"evilcraft:box_of_eternal_closure":1,"minecraft:arrow":66,"minecraft:rotten_flesh":37,"croptopia:persimmon":3,"minecraft:hay_block":77,"minecraft:iron_block":1,"minecraft:gold_ingot":2,"minecraft:glow_berries":6,"minecraft:skeleton_skull":2,"minecraft:bone_block":5,"minecraft:cobblestone":639,"simplyswords:iron_katana":3,"farmersdelight:rice":4,"minecraft:iron_door":1,"minecraft:andesite":42,"minecraft:leather":16,"minecraft:potato":1,"minecraft:tuff":52,"minecraft:oak_log":5,"minecraft:gunpowder":2,"minecraft:lapis_lazuli":136,"minecraft:dirt":44,"minecraft:paper":4,"minecraft:lantern":1,"minecraft:bone":63,"minecraft:stone_bricks":3,"minecraft:bow":1,"minecraft:raw_gold":9,"minecraft:iron_ingot":8,"minecraft:mossy_stone_bricks":3,"minecraft:iron_sword":1,"minecraft:oak_planks":8,"croptopia:apricot":12,"croptopia:plum":11,"croptopia:starfruit":3,"minecraft:gravel":4,"minecraft:sand":56,"minecraft:amethyst_shard":16,"minecraft:stripped_spruce_log":4,"minecraft:spruce_sapling":3,"minecraft:spider_eye":5,"minecraft:barrel":2,"minecraft:mossy_cobblestone":4,"minecraft:bundle":1,"croptopia:cherry":4,"croptopia:lemon":5,"minecraft:diamond":35,"minecraft:chainmail_leggings":1,"croptopia:orange":14,"evilcraft:dark_gem":184,"minecraft:iron_helmet":2,"minecraft:granite":44,"minecraft:emerald":1,"minecraft:bread":4,"tombstone:magic_scroll":7,"pineapple_delight:pineapple_crop":2,"minecraft:melon_seeds":4,"minecraft:coal":92},"minecraft:mined":{"mysticalagriculture:prosperity_ore":32,"minecraft:large_amethyst_bud":1,"minecraft:tuff":51,"minecraft:spruce_planks":1,"minecraft:mossy_cobblestone":4,"minecraft:deepslate_diamond_ore":35,"minecraft:granite":25,"minecraft:grass_block":4,"minecraft:redstone_wire":4,"minecraft:spruce_leaves":20,"minecraft:spawner":7,"mysticalagriculture:inferium_ore":38,"minecraft:hay_block":77,"minecraft:redstone_ore":6,"minecraft:furnace":1,"minecraft:iron_ore":120,"minecraft:barrel":2,"minecraft:cobbled_deepslate":2,"minecraft:andesite":50,"minecraft:stripped_spruce_log":4,"evilcraft:dark_ore":9,"minecraft:deepslate_lapis_ore":13,"minecraft:brown_bed":4,"minecraft:vine":5,"minecraft:deepslate_iron_ore":48,"pineapple_delight:pineapple_wild_crop":2,"minecraft:stone":387,"minecraft:iron_block":1,"minecraft:spruce_slab":1,"minecraft:smithing_table":2,"minecraft:amethyst_cluster":4,"minecraft:torch":10,"minecraft:crafting_table":2,"minecraft:chest":2,"minecraft:rose_bush":1,"minecraft:cobblestone":68,"minecraft:deepslate_coal_ore":2,"minecraft:deepslate_gold_ore":9,"minecraft:lapis_ore":5,"minecraft:oak_planks":8,"minecraft:iron_door":1,"minecraft:wall_torch":20,"minecraft:diorite":31,"minecraft:skeleton_skull":2,"evilcraft:dark_ore_deepslate":33,"minecraft:birch_leaves":1,"minecraft:tnt":1,"minecraft:stone_brick_stairs":1,"minecraft:grass":7,"croptopia:cinnamon_leaves":1,"minecraft:coal_ore":90,"minecraft:oak_log":2,"evilcraft:blood_stain":1,"minecraft:gravel":1,"minecraft:dirt":29,"minecraft:sand":59,"minecraft:cobweb":7,"mysticalagriculture:deepslate_prosperity_ore":83,"minecraft:stone_bricks":3,"minecraft:deepslate":163,"minecraft:mossy_stone_bricks":3,"minecraft:oak_leaves":7,"mysticalagriculture:deepslate_inferium_ore":6},"minecraft:used":{"minecraft:redstone":4,"croptopia:starfruit":3,"minecraft:chest":2,"minecraft:shield":33,"minecraft:iron_sword":250,"minecraft:torch":85,"minecraft:dirt":14,"croptopia:date":3,"simplyswords:iron_katana":243,"collectorsreap:lime":2,"minecraft:lantern":1,"minecraft:stone_brick_stairs":1,"minecraft:barrel":2,"croptopia:persimmon":3,"minecraft:item_frame":1,"minecraft:beef":1,"minecraft:skeleton_skull":2,"minecraft:egg":1,"minecraft:potato":1,"minecraft:goat_horn":1,"minecraft:furnace":2,"tombstone:gift":4,"minecraft:brown_bed":4,"minecraft:stone_pressure_plate":1,"minecraft:cooked_beef":9,"croptopia:pear":6,"minecraft:cobbled_deepslate":89,"minecraft:cooked_mutton":4,"minecraft:water_bucket":15,"simplyswords:gold_halberd":32,"farmersdelight:skillet":15,"croptopia:lemon":5,"croptopia:apricot":12,"minecraft:white_wool":3,"minecraft:golden_apple":2,"minecraft:mossy_cobblestone":4,"minecraft:crafting_table":5,"croptopia:cherry":4,"minecraft:crossbow":2,"minecraft:cod":5,"croptopia:orange":14,"croptopia:plum":11,"minecraft:chicken":1,"minecraft:bread":106,"minecraft:iron_pickaxe":1367,"minecraft:iron_door":1,"minecraft:wooden_sword":14,"travelersbackpack:standard":8,"minecraft:cobblestone":224,"minecraft:smithing_table":2,"minecraft:cooked_porkchop":2,"minecraft:andesite":2,"minecraft:bucket":16,"minecraft:chest_minecart":1,"minecraft:experience_bottle":8},"minecraft:broken":{"simplyswords:gold_halberd":1,"minecraft:iron_boots":1,"simplyswords:iron_katana":1,"minecraft:iron_sword":1,"minecraft:iron_pickaxe":5,"minecraft:iron_helmet":2},"minecraft:killed_by":{"minecraft:skeleton":2},"minecraft:crafted":{"minecraft:oak_planks":12,"travelersbackpack:crafting_upgrade":2,"simplyswords:iron_katana":1,"minecraft:furnace":1,"travelersbackpack:blank_upgrade":8,"travelersbackpack:gold_tier_upgrade":2,"minecraft:cooked_mutton":4,"minecraft:glass":36,"travelersbackpack:white_sleeping_bag":1,"minecraft:iron_boots":2,"minecraft:chest":3,"minecraft:dark_oak_planks":28,"minecraft:wheat":254,"travelersbackpack:diamond_tier_upgrade":2,"minecraft:minecart":1,"minecraft:cooked_beef":7,"travelersbackpack:iron_tier_upgrade":2,"minecraft:cooked_porkchop":2,"minecraft:crafting_table":5,"minecraft:spruce_planks":16,"travelersbackpack:backpack_tank":6,"minecraft:iron_helmet":1,"travelersbackpack:standard":7,"minecraft:iron_sword":1,"minecraft:smithing_table":1,"minecraft:bucket":1,"minecraft:hay_block":30,"travelersbackpack:blue_sleeping_bag":1,"minecraft:bread":79,"minecraft:air":0,"minecraft:blue_dye":1,"minecraft:white_wool":3,"minecraft:iron_chestplate":3,"minecraft:stick":36,"minecraft:iron_ingot":65,"minecraft:iron_pickaxe":4,"minecraft:iron_leggings":3,"minecraft:torch":76,"minecraft:lapis_block":12},"minecraft:custom":{"minecraft:interact_with_smithing_table":16,"minecraft:interact_with_anvil":2,"minecraft:mob_kills":168,"minecraft:interact_with_crafting_table":39,"minecraft:open_barrel":198,"minecraft:leave_game":2,"minecraft:time_since_death":269782,"minecraft:climb_one_cm":19755,"minecraft:sprint_one_cm":1043976,"minecraft:walk_one_cm":775361,"minecraft:damage_blocked_by_shield":1174,"minecraft:drop":82,"minecraft:talked_to_villager":2,"minecraft:play_time":599830,"minecraft:sneak_time":15435,"minecraft:deaths":3,"minecraft:walk_under_water_one_cm":16429,"minecraft:interact_with_brewingstand":2,"minecraft:jump":5989,"minecraft:interact_with_blast_furnace":1,"minecraft:walk_on_water_one_cm":47609,"minecraft:total_world_time":599830,"minecraft:interact_with_furnace":63,"minecraft:sleep_in_bed":7,"minecraft:time_since_rest":268014,"minecraft:waystone_activated":2,"minecraft:damage_taken":7071,"minecraft:damage_absorbed":20,"minecraft:trigger_trapped_chest":1,"minecraft:damage_dealt":29204,"minecraft:swim_one_cm":62430,"minecraft:fly_one_cm":999878,"minecraft:crouch_one_cm":35035,"minecraft:open_chest":180,"tombstone:undead_killed":128,"minecraft:fall_one_cm":141720,"minecraft:interact_with_smoker":4},"minecraft:killed":{"minecraft:cave_spider":2,"minecraft:spider":13,"minecraft:skeleton":66,"mowziesmobs:foliaath":1,"minecraft:zombie_villager":2,"minecraft:bat":1,"minecraft:zombie":60,"minecraft:enderman":1,"minecraft:cow":13},"minecraft:dropped":{"minecraft:enchanted_book":1,"minecraft:iron_ingot":1,"minecraft:bread":44,"minecraft:lapis_lazuli":18,"minecraft:oak_log":2,"farmersdelight:skillet":1,"minecraft:tnt":2,"minecraft:golden_horse_armor":1,"minecraft:golden_axe":1,"minecraft:iron_helmet":2,"minecraft:cobblestone":316,"minecraft:granite":44,"minecraft:iron_horse_armor":1,"minecraft:stick":60,"minecraft:dirt":16,"minecraft:diorite":10,"minecraft:torch":10,"minecraft:yellow_dye":1,"minecraft:green_dye":1,"minecraft:wooden_sword":1,"minecraft:bone_meal":26,"mysticalagriculture:prosperity_shard":14,"minecraft:iron_pickaxe":2,"minecraft:iron_shovel":1,"minecraft:chainmail_leggings":1,"minecraft:paper":4,"minecraft:string":8,"minecraft:spruce_sapling":2,"minecraft:redstone":5,"minecraft:gold_ingot":3,"simplyswords:iron_katana":3,"minecraft:cobbled_deepslate":1,"minecraft:raw_copper":8,"minecraft:tuff":14,"minecraft:wheat":9,"farmersdelight:cabbage_seeds":5,"minecraft:rotten_flesh":8,"collectorsreap:lime":1,"mysticalagriculture:inferium_essence":9,"minecraft:andesite":40,"pineapple_delight:pineapple_crop":2,"minecraft:stone_pressure_plate":1,"minecraft:bow":1,"minecraft:wooden_pickaxe":1}},"DataVersion":3465}